"pct_white","pct_asian","pct_hispanic","pct_pacific","pct_black"
0.599589337947262,0.0270453588939057,0.213569811179413,0.000560433818327078,0.150571329727014
