"pct_white","pct_hispanic","pct_black","pct_asian","pct_napi"
0.599589337947262,0.213569811179413,0.150571329727014,0.0270453588939057,0.000560433818327078
