"roll_call_id","bill_id","session","roll_call_date","roll_call_desc","yea","nay","nv","absent","n_total","passed","roll_call_chamber","bill_title","bill_number","session_year","bill_url","pct_of_total","n_present","pct_of_present","final_vote","R_pct_of_present","D_pct_of_present","rc_unity_D","rc_unity_R","rc_mean_partisanship"
1475155,1942322,"2025-2025_2nd_Special_Session","2025-01-27","House Select Committee on Illegal Immigration B",24,8,0,0,32,1,"H","Immigration","H0001",2025,"https://legiscan.com/FL/bill/H0001/2025/X2",0.75,32,0.75,"N",1,0,1,1,1
1475156,1942322,"2025-2025_2nd_Special_Session","2025-01-27","House Select Committee on Illegal Immigration C",24,6,0,2,32,1,"H","Immigration","H0001",2025,"https://legiscan.com/FL/bill/H0001/2025/X2",0.75,30,0.8,"N",1,0,1,1,1
1475196,1942320,"2025-2025_2nd_Special_Session","2025-01-27","Senate Appropriations",12,6,0,1,19,1,"S","Immigration","S0002",2025,"https://legiscan.com/FL/bill/S0002/2025/X2",0.631578947368421,18,0.666666666666667,"N",1,0,1,1,1
1475197,1942322,"2025-2025_2nd_Special_Session","2025-01-27","House Select Committee on Illegal Immigration A",24,7,0,1,32,1,"H","Immigration","H0001",2025,"https://legiscan.com/FL/bill/H0001/2025/X2",0.75,31,0.774193548387097,"N",1,0,1,1,1
1475915,1942320,"2025-2025_2nd_Special_Session","2025-01-28","Senate: Third Reading RCS#2",13,24,0,3,40,0,"S","Immigration","S0002",2025,"https://legiscan.com/FL/bill/S0002/2025/X2",0.325,37,0.351351351351351,"Y",0.111111111111111,1,1,0.888888888888889,0.918918918918919
1475916,1942320,"2025-2025_2nd_Special_Session","2025-01-28","Senate: Third Reading RCS#3",21,16,0,3,40,1,"S","Immigration","S0002",2025,"https://legiscan.com/FL/bill/S0002/2025/X2",0.525,37,0.567567567567568,"Y",0.777777777777778,0,1,0.777777777777778,0.837837837837838
1475919,1942320,"2025-2025_2nd_Special_Session","2025-01-28","House: Third Reading RCS#6",82,30,7,0,119,1,"H","Immigration","S0002",2025,"https://legiscan.com/FL/bill/S0002/2025/X2",0.689075630252101,112,0.732142857142857,"Y",0.987951807228916,0,1,0.987951807228916,0.991071428571429
1487331,1964470,"2025-2025_3rd_Special_Session","2025-02-12","Senate Appropriations",14,4,0,1,19,1,"S","Secretary of Homeland Security","S0006",2025,"https://legiscan.com/FL/bill/S0006/2025/X3",0.736842105263158,18,0.777777777777778,"N",1,0.333333333333333,0.666666666666667,1,0.888888888888889
1487334,1964468,"2025-2025_3rd_Special_Session","2025-02-12","Senate Appropriations",11,7,0,1,19,1,"S","Immigration","S0004",2025,"https://legiscan.com/FL/bill/S0004/2025/X3",0.578947368421053,18,0.611111111111111,"N",0.916666666666667,0,1,0.916666666666667,0.944444444444444
1487378,1964471,"2025-2025_3rd_Special_Session","2025-02-12","House Budget Committee",22,8,0,1,31,1,"H","Immigration","H0001",2025,"https://legiscan.com/FL/bill/H0001/2025/X3",0.709677419354839,30,0.733333333333333,"N",1,0,1,1,1
1487438,1964469,"2025-2025_3rd_Special_Session","2025-02-12","Senate Appropriations",12,6,0,1,19,1,"S","Immigration","S0002",2025,"https://legiscan.com/FL/bill/S0002/2025/X3",0.631578947368421,18,0.666666666666667,"N",1,0,1,1,1
1487528,1964467,"2025-2025_3rd_Special_Session","2025-02-12","House Budget Committee",22,8,0,1,31,1,"H","Immigration Guidance and Training Opportunities","H0005",2025,"https://legiscan.com/FL/bill/H0005/2025/X3",0.709677419354839,30,0.733333333333333,"N",1,0,1,1,1
1487584,1964472,"2025-2025_3rd_Special_Session","2025-02-12","House Budget Committee",22,8,0,1,31,1,"H","Immigration","H0003",2025,"https://legiscan.com/FL/bill/H0003/2025/X3",0.709677419354839,30,0.733333333333333,"N",1,0,1,1,1
1488606,1964469,"2025-2025_3rd_Special_Session","2025-02-13","Senate: Third Reading RCS#3",14,22,1,3,40,0,"S","Immigration","S0002",2025,"https://legiscan.com/FL/bill/S0002/2025/X3",0.35,36,0.388888888888889,"Y",0.153846153846154,1,1,0.846153846153846,0.888888888888889
1488621,1964468,"2025-2025_3rd_Special_Session","2025-02-13","Senate: Third Reading RCS#2",25,11,1,3,40,1,"S","Immigration","S0004",2025,"https://legiscan.com/FL/bill/S0004/2025/X3",0.625,36,0.694444444444444,"Y",0.961538461538462,0,1,0.961538461538462,0.972222222222222
1488727,1964469,"2025-2025_3rd_Special_Session","2025-02-13","Senate: Third Reading RCS#4",27,10,0,3,40,1,"S","Immigration","S0002",2025,"https://legiscan.com/FL/bill/S0002/2025/X3",0.675,37,0.72972972972973,"Y",1,0,1,1,1
1488753,1964470,"2025-2025_3rd_Special_Session","2025-02-13","House: Third Reading RCS#11",85,27,7,0,119,1,"H","Secretary of Homeland Security","S0006",2025,"https://legiscan.com/FL/bill/S0006/2025/X3",0.714285714285714,112,0.758928571428571,"Y",1,0,1,1,1
1488830,1964468,"2025-2025_3rd_Special_Session","2025-02-13","House: Third Reading RCS#12",85,29,5,0,119,1,"H","Immigration","S0004",2025,"https://legiscan.com/FL/bill/S0004/2025/X3",0.714285714285714,114,0.745614035087719,"Y",1,0,1,1,1
1489088,1964469,"2025-2025_3rd_Special_Session","2025-02-13","House: Third Reading RCS#13",85,30,4,0,119,1,"H","Immigration","S0002",2025,"https://legiscan.com/FL/bill/S0002/2025/X3",0.714285714285714,115,0.739130434782609,"Y",1,0,1,1,1
1482245,1918360,"2025-2025_Regular_Session","2025-02-04","House Student Academic Success Subcommittee",15,0,0,3,18,1,"H","Interscholastic Activities","H0151",2025,"https://legiscan.com/FL/bill/H0151/2025",0.833333333333333,15,1,"N",1,1,1,1,1
1483036,1902581,"2025-2025_Regular_Session","2025-02-05","House Industries & Professional Activities Subcommittee",12,4,0,2,18,1,"H","Pari-mutuel Wagering","H0105",2025,"https://legiscan.com/FL/bill/H0105/2025",0.666666666666667,16,0.75,"N",1,0,1,1,1
1486021,1951899,"2025-2025_Regular_Session","2025-02-11","Senate Environment and Natural Resources",9,0,0,0,9,1,"S","OGSR/Site-specific Location Information for Endangered and Threatened Species","S7000",2025,"https://legiscan.com/FL/bill/S7000/2025",1,9,1,"N",1,1,1,1,1
1486029,1892656,"2025-2025_Regular_Session","2025-02-11","Senate Environment and Natural Resources",9,0,0,0,9,1,"S","Nature-based Methods for Improving Coastal Resilience","S0050",2025,"https://legiscan.com/FL/bill/S0050/2025",1,9,1,"N",1,1,1,1,1
1486065,1894640,"2025-2025_Regular_Session","2025-02-11","Senate Environment and Natural Resources",9,0,0,0,9,1,"S","State Land Management","S0080",2025,"https://legiscan.com/FL/bill/S0080/2025",1,9,1,"N",1,1,1,1,1
1486153,1892690,"2025-2025_Regular_Session","2025-02-11","Senate Environment and Natural Resources",6,3,0,0,9,1,"S","Geoengineering and Weather Modification Activities","S0056",2025,"https://legiscan.com/FL/bill/S0056/2025",0.666666666666667,9,0.666666666666667,"N",1,0,1,1,1
1486164,1903465,"2025-2025_Regular_Session","2025-02-11","Senate Criminal Justice",8,0,0,1,9,1,"S","Abandoning Restrained Dogs During Natural Disasters","S0150",2025,"https://legiscan.com/FL/bill/S0150/2025",0.888888888888889,8,1,"N",1,1,1,1,1
1486167,1892861,"2025-2025_Regular_Session","2025-02-11","Senate Environment and Natural Resources",9,0,0,0,9,1,"S","Resilient Buildings","S0062",2025,"https://legiscan.com/FL/bill/S0062/2025",1,9,1,"N",1,1,1,1,1
1486293,1914959,"2025-2025_Regular_Session","2025-02-11","Senate Environment and Natural Resources",9,0,0,0,9,1,"S","Comprehensive Waste Reduction and Recycling Plan","S0200",2025,"https://legiscan.com/FL/bill/S0200/2025",1,9,1,"N",1,1,1,1,1
1486433,1896852,"2025-2025_Regular_Session","2025-02-11","Senate Governmental Oversight and Accountability",5,2,0,1,8,1,"S","Display of Flags by Governmental Entities","S0100",2025,"https://legiscan.com/FL/bill/S0100/2025",0.625,7,0.714285714285714,"N",1,0,1,1,1
1486453,1892666,"2025-2025_Regular_Session","2025-02-11","Senate Judiciary",10,0,0,1,11,1,"S","Foreclosure Procedures","S0048",2025,"https://legiscan.com/FL/bill/S0048/2025",0.909090909090909,10,1,"N",1,1,1,1,1
1486514,1894929,"2025-2025_Regular_Session","2025-02-11","House Health Professions & Programs Subcommittee",15,0,0,3,18,1,"H","Social Work Licensure Interstate Compact","H0027",2025,"https://legiscan.com/FL/bill/H0027/2025",0.833333333333333,15,1,"N",1,1,1,1,1
1486757,1894885,"2025-2025_Regular_Session","2025-02-11","House Health Professions & Programs Subcommittee",14,1,0,3,18,1,"H","Dental Therapy","H0021",2025,"https://legiscan.com/FL/bill/H0021/2025",0.777777777777778,15,0.933333333333333,"N",1,0.666666666666667,0.666666666666667,1,0.933333333333333
1486767,1894965,"2025-2025_Regular_Session","2025-02-11","House Health Professions & Programs Subcommittee",15,0,0,3,18,1,"H","Pub. Rec. and Meetings/Social Work Licensure Interstate Compact","H0029",2025,"https://legiscan.com/FL/bill/H0029/2025",0.833333333333333,15,1,"N",1,1,1,1,1
1487333,1901186,"2025-2025_Regular_Session","2025-02-11","Senate Criminal Justice",8,0,0,1,9,1,"S","Driving and Boating Offenses","S0138",2025,"https://legiscan.com/FL/bill/S0138/2025",0.888888888888889,8,1,"N",1,1,1,1,1
1487362,1898257,"2025-2025_Regular_Session","2025-02-11","Senate Criminal Justice",8,0,0,1,9,1,"S","Compensation of Victims of Wrongful Incarceration","S0130",2025,"https://legiscan.com/FL/bill/S0130/2025",0.888888888888889,8,1,"N",1,1,1,1,1
1487991,1947432,"2025-2025_Regular_Session","2025-02-11","Senate Governmental Oversight and Accountability",7,0,0,1,8,1,"S","Administrative Procedures","S0108",2025,"https://legiscan.com/FL/bill/S0108/2025",0.875,7,1,"N",1,1,1,1,1
1488139,1922154,"2025-2025_Regular_Session","2025-02-12","House Criminal Justice Subcommittee",17,0,0,1,18,1,"H","Education in Correctional Facilities for Licensed Professions","H0195",2025,"https://legiscan.com/FL/bill/H0195/2025",0.944444444444444,17,1,"N",1,1,1,1,1
1488176,1904632,"2025-2025_Regular_Session","2025-02-12","House Criminal Justice Subcommittee",16,1,0,1,18,1,"H","Fleeing or Attempting to Elude a Law Enforcement Officer","H0113",2025,"https://legiscan.com/FL/bill/H0113/2025",0.888888888888889,17,0.941176470588235,"N",1,0.8,0.8,1,0.941176470588235
1488845,1917016,"2025-2025_Regular_Session","2025-02-11","Senate Criminal Justice",7,1,0,1,9,1,"S","Criminal Offenses Against Law Enforcement Officers and Other Personnel","S0234",2025,"https://legiscan.com/FL/bill/S0234/2025",0.777777777777778,8,0.875,"N",1,0.666666666666667,0.666666666666667,1,0.875
1490018,1901151,"2025-2025_Regular_Session","2025-02-12","House Criminal Justice Subcommittee",17,0,0,1,18,1,"H","Probation for Misdemeanor Offenses","H0091",2025,"https://legiscan.com/FL/bill/H0091/2025",0.944444444444444,17,1,"N",1,1,1,1,1
1491707,1942180,"2025-2025_Regular_Session","2025-02-18","Senate Ethics and Elections",7,0,0,2,9,1,"S","Ethics","S0348",2025,"https://legiscan.com/FL/bill/S0348/2025",0.777777777777778,7,1,"N",1,1,1,1,1
1491715,1928340,"2025-2025_Regular_Session","2025-02-18","Senate Commerce and Tourism",7,0,0,2,9,1,"S","Limited Liability Companies","S0316",2025,"https://legiscan.com/FL/bill/S0316/2025",0.777777777777778,7,1,"N",1,1,1,1,1
1491746,1893312,"2025-2025_Regular_Session","2025-02-18","Senate Ethics and Elections",7,0,0,2,9,1,"S","Use of Campaign Funds for Child Care Expenses","S0072",2025,"https://legiscan.com/FL/bill/S0072/2025",0.777777777777778,7,1,"N",1,1,1,1,1
1491761,1897165,"2025-2025_Regular_Session","2025-02-18","Senate Education Pre-K - 12",8,0,0,0,8,1,"S","Exceptional Student Education","S0102",2025,"https://legiscan.com/FL/bill/S0102/2025",1,8,1,"N",1,1,1,1,1
1491768,1930818,"2025-2025_Regular_Session","2025-02-18","Senate Commerce and Tourism",7,0,0,2,9,1,"S","Licensure Requirements for Surveyors and Mappers","S0320",2025,"https://legiscan.com/FL/bill/S0320/2025",0.777777777777778,7,1,"N",1,1,1,1,1
1491844,1941927,"2025-2025_Regular_Session","2025-02-18","Senate Health Policy",9,0,0,1,10,1,"S","Public Records/Agency for Health Care Administration","S0342",2025,"https://legiscan.com/FL/bill/S0342/2025",0.9,9,1,"N",1,1,1,1,1
1491867,1897545,"2025-2025_Regular_Session","2025-02-18","Senate Community Affairs",7,0,0,1,8,1,"S","Regulation of Presidential Libraries","S0118",2025,"https://legiscan.com/FL/bill/S0118/2025",0.875,7,1,"N",1,1,1,1,1
1491887,1928691,"2025-2025_Regular_Session","2025-02-18","Senate Agriculture",5,0,0,1,6,1,"S","Ad Valorem Tax Exemption","S0318",2025,"https://legiscan.com/FL/bill/S0318/2025",0.833333333333333,5,1,"N",1,1,1,1,1
1491900,1915847,"2025-2025_Regular_Session","2025-02-18","Senate Agriculture",5,0,0,1,6,1,"S","Animal Cremation","S0210",2025,"https://legiscan.com/FL/bill/S0210/2025",0.833333333333333,5,1,"N",1,1,1,1,1
1492000,1924116,"2025-2025_Regular_Session","2025-02-18","Senate Health Policy",9,0,0,1,10,1,"S","Collaborative Pharmacy Practice for Chronic Health Conditions","S0294",2025,"https://legiscan.com/FL/bill/S0294/2025",0.9,9,1,"N",1,1,1,1,1
1492013,1963580,"2025-2025_Regular_Session","2025-02-18","Senate Regulated Industries",7,0,0,2,9,1,"S","Public Records and Meetings/NG911 Systems","S7006",2025,"https://legiscan.com/FL/bill/S7006/2025",0.777777777777778,7,1,"N",1,1,1,1,1
1492014,1904298,"2025-2025_Regular_Session","2025-02-18","Senate Health Policy",10,0,0,0,10,1,"S","Protection from Surgical Smoke","S0152",2025,"https://legiscan.com/FL/bill/S0152/2025",1,10,1,"N",1,1,1,1,1
1492031,1919924,"2025-2025_Regular_Session","2025-02-18","Senate Governmental Oversight and Accountability",7,0,0,1,8,1,"S","Public Records/Congressional Members and Public Officers","S0268",2025,"https://legiscan.com/FL/bill/S0268/2025",0.875,7,1,"N",1,1,1,1,1
1492085,1930979,"2025-2025_Regular_Session","2025-02-18","Senate Judiciary",9,0,0,1,10,1,"S","Property Rights","S0322",2025,"https://legiscan.com/FL/bill/S0322/2025",0.9,9,1,"N",1,1,1,1,1
1492123,1898276,"2025-2025_Regular_Session","2025-02-18","Senate Health Policy",10,0,0,0,10,1,"S","Prescription Hearing Aids","S0126",2025,"https://legiscan.com/FL/bill/S0126/2025",1,10,1,"N",1,1,1,1,1
1492211,1927762,"2025-2025_Regular_Session","2025-02-18","Senate Military and Veterans Affairs, Space, and Domestic Security",5,0,0,0,5,1,"S","Florida National Guard Increased Force Structure","S0314",2025,"https://legiscan.com/FL/bill/S0314/2025",1,5,1,"N",1,1,1,1,1
1492220,1919599,"2025-2025_Regular_Session","2025-02-18","Senate Health Policy",9,0,0,1,10,1,"S","Step-therapy Protocols","S0264",2025,"https://legiscan.com/FL/bill/S0264/2025",0.9,9,1,"N",1,1,1,1,1
1492235,1920769,"2025-2025_Regular_Session","2025-02-18","Senate Education Postsecondary",6,0,0,1,7,1,"S","Florida Bright Futures Scholarship Program","S0270",2025,"https://legiscan.com/FL/bill/S0270/2025",0.857142857142857,6,1,"N",1,1,1,1,1
1492381,1927189,"2025-2025_Regular_Session","2025-02-18","Senate Judiciary",9,1,0,0,10,1,"S","Public Records/Judicial Qualifications Commission","S0302",2025,"https://legiscan.com/FL/bill/S0302/2025",0.9,10,0.9,"N",0.875,1,1,0.875,0.9
1492432,1927008,"2025-2025_Regular_Session","2025-02-18","Senate Judiciary",9,1,0,0,10,1,"S","Public Records/Appellate Court Clerks and their Spouses and Children","S0300",2025,"https://legiscan.com/FL/bill/S0300/2025",0.9,10,0.9,"N",0.875,1,1,0.875,0.9
1492568,1922014,"2025-2025_Regular_Session","2025-02-18","Senate Transportation",8,0,0,1,9,1,"S","Transportation Facility Designations/Harris Rosen Way and Geraldine Thompson Way","S0274",2025,"https://legiscan.com/FL/bill/S0274/2025",0.888888888888889,8,1,"N",1,1,1,1,1
1492631,1909517,"2025-2025_Regular_Session","2025-02-18","Senate Regulated Industries",8,0,0,1,9,1,"S","Public Accountancy","S0160",2025,"https://legiscan.com/FL/bill/S0160/2025",0.888888888888889,8,1,"N",1,1,1,1,1
1492943,1963605,"2025-2025_Regular_Session","2025-02-18","Senate Environment and Natural Resources",7,0,0,2,9,1,"S","Water Management Districts","S7002",2025,"https://legiscan.com/FL/bill/S7002/2025",0.777777777777778,7,1,"N",1,1,1,1,1
1493381,1942733,"2025-2025_Regular_Session","2025-02-19","House Intergovernmental Affairs Subcommittee",17,0,0,1,18,1,"H","Compensation for Health Care Services for Inmates in Martin County","H4007",2025,"https://legiscan.com/FL/bill/H4007/2025",0.944444444444444,17,1,"N",1,1,1,1,1
1493558,1941318,"2025-2025_Regular_Session","2025-02-19","House Criminal Justice Subcommittee",15,3,0,0,18,1,"H","Withholding Funds from the Return of Cash Bonds","H0243",2025,"https://legiscan.com/FL/bill/H0243/2025",0.833333333333333,18,0.833333333333333,"N",0.769230769230769,1,1,0.769230769230769,0.833333333333333
1493842,1958195,"2025-2025_Regular_Session","2025-02-18","Senate Military and Veterans Affairs, Space, and Domestic Security",5,0,0,0,5,1,"S","Veterans","S0116",2025,"https://legiscan.com/FL/bill/S0116/2025",1,5,1,"N",1,1,1,1,1
1493875,1957959,"2025-2025_Regular_Session","2025-02-18","Senate Education Pre-K - 12",8,0,0,0,8,1,"S","Children with Developmental Disabilities","S0112",2025,"https://legiscan.com/FL/bill/S0112/2025",1,8,1,"N",1,1,1,1,1
1494090,1918834,"2025-2025_Regular_Session","2025-02-18","Senate Judiciary",9,0,0,1,10,1,"S","Trusts","S0262",2025,"https://legiscan.com/FL/bill/S0262/2025",0.9,9,1,"N",1,1,1,1,1
1494717,1941914,"2025-2025_Regular_Session","2025-02-19","House Intergovernmental Affairs Subcommittee",17,0,0,1,18,1,"H","Florida National Guard","H4005",2025,"https://legiscan.com/FL/bill/H4005/2025",0.944444444444444,17,1,"N",1,1,1,1,1
1494749,1942081,"2025-2025_Regular_Session","2025-02-18","Senate Regulated Industries",8,0,0,1,9,1,"S","Telecommunications Access System Act of 1991","S0344",2025,"https://legiscan.com/FL/bill/S0344/2025",0.888888888888889,8,1,"N",1,1,1,1,1
1494829,1911850,"2025-2025_Regular_Session","2025-02-18","Senate Community Affairs",7,0,0,1,8,1,"S","Affordable Housing","S0184",2025,"https://legiscan.com/FL/bill/S0184/2025",0.875,7,1,"N",1,1,1,1,1
1494906,1894915,"2025-2025_Regular_Session","2025-02-18","Senate Transportation",7,1,0,1,9,1,"S","Utility Terrain Vehicles","S0088",2025,"https://legiscan.com/FL/bill/S0088/2025",0.777777777777778,8,0.875,"N",1,0.5,NA,1,1
1494937,1897317,"2025-2025_Regular_Session","2025-02-19","House Criminal Justice Subcommittee",17,0,0,1,18,1,"H","Compensation of Victims of Wrongful Incarceration","H0059",2025,"https://legiscan.com/FL/bill/H0059/2025",0.944444444444444,17,1,"N",1,1,1,1,1
1495072,1963716,"2025-2025_Regular_Session","2025-02-18","Senate Community Affairs",7,0,0,1,8,1,"S","OGSR/Applicants or Participants in Certain Federal, State, or Local Housing Assistance Programs","S7004",2025,"https://legiscan.com/FL/bill/S7004/2025",0.875,7,1,"N",1,1,1,1,1
1495184,1946447,"2025-2025_Regular_Session","2025-02-19","House Civil Justice & Claims Subcommittee",17,1,0,0,18,1,"H","Suits Against the Government","H0301",2025,"https://legiscan.com/FL/bill/H0301/2025",0.944444444444444,18,0.944444444444444,"N",1,0.8,0.8,1,0.944444444444444
1495303,1915804,"2025-2025_Regular_Session","2025-02-19","House Civil Justice & Claims Subcommittee",18,0,0,0,18,1,"H","Relief/Marcus Button/Pasco County School Board","H6507",2025,"https://legiscan.com/FL/bill/H6507/2025",1,18,1,"N",1,1,1,1,1
1495363,1902126,"2025-2025_Regular_Session","2025-02-20","House Health Care Facilities & Systems Subcommittee",17,0,0,2,19,1,"H","Protection from Surgical Smoke","H0103",2025,"https://legiscan.com/FL/bill/H0103/2025",0.894736842105263,17,1,"N",1,1,1,1,1
1495430,1939864,"2025-2025_Regular_Session","2025-02-20","House Health Care Facilities & Systems Subcommittee",15,2,0,2,19,1,"H","Electronic Monitoring Devices in Long-term Care Facilities","H0223",2025,"https://legiscan.com/FL/bill/H0223/2025",0.789473684210526,17,0.882352941176471,"N",1,0.6,0.6,1,0.882352941176471
1496493,1941318,"2025-2025_Regular_Session","2025-02-19","House Criminal Justice Subcommittee",15,3,0,0,18,1,"H","Withholding Funds from the Return of Cash Bonds","H0243",2025,"https://legiscan.com/FL/bill/H0243/2025",0.833333333333333,18,0.833333333333333,"N",0.769230769230769,1,1,0.769230769230769,0.833333333333333
1503173,1923039,"2025-2025_Regular_Session","2025-03-03","Senate Banking and Insurance",10,0,0,0,10,1,"S","Warranty Associations","S0282",2025,"https://legiscan.com/FL/bill/S0282/2025",1,10,1,"N",1,1,1,1,1
1503225,1971020,"2025-2025_Regular_Session","2025-03-03","Senate Environment and Natural Resources",9,0,0,0,9,1,"S","Vessel Accountability","S0164",2025,"https://legiscan.com/FL/bill/S0164/2025",1,9,1,"N",1,1,1,1,1
1503239,1917185,"2025-2025_Regular_Session","2025-03-03","Senate Commerce and Tourism",8,0,0,1,9,1,"S","Debt Collection","S0232",2025,"https://legiscan.com/FL/bill/S0232/2025",0.888888888888889,8,1,"N",1,1,1,1,1
1503248,1942321,"2025-2025_Regular_Session","2025-03-03","Senate Agriculture",6,0,0,0,6,1,"S","Farm Products","S0374",2025,"https://legiscan.com/FL/bill/S0374/2025",1,6,1,"N",1,1,1,1,1
1503253,1963822,"2025-2025_Regular_Session","2025-03-03","Senate Agriculture",6,0,0,0,6,1,"S","Dangerous Dogs","S0572",2025,"https://legiscan.com/FL/bill/S0572/2025",1,6,1,"N",1,1,1,1,1
1503316,1927121,"2025-2025_Regular_Session","2025-03-03","Senate Education Pre-K - 12",6,1,0,2,9,1,"S","Middle School and High School Start Times","S0296",2025,"https://legiscan.com/FL/bill/S0296/2025",0.666666666666667,7,0.857142857142857,"N",0.8,1,1,0.8,0.857142857142857
1503321,1975511,"2025-2025_Regular_Session","2025-03-03","Senate Education Pre-K - 12",7,0,0,2,9,1,"S","Administrative Efficiency in Public Schools","S0166",2025,"https://legiscan.com/FL/bill/S0166/2025",0.777777777777778,7,1,"N",1,1,1,1,1
1503332,1947986,"2025-2025_Regular_Session","2025-03-03","Senate Commerce and Tourism",8,0,0,1,9,1,"S","Repair of Motorized Wheelchairs","S0412",2025,"https://legiscan.com/FL/bill/S0412/2025",0.888888888888889,8,1,"N",1,1,1,1,1
1503347,1943586,"2025-2025_Regular_Session","2025-03-03","Senate Environment and Natural Resources",9,0,0,0,9,1,"S","Trust Funds for Wildlife Management","S0388",2025,"https://legiscan.com/FL/bill/S0388/2025",1,9,1,"N",1,1,1,1,1
1503353,1942300,"2025-2025_Regular_Session","2025-03-03","Senate Education Pre-K - 12",7,0,0,2,9,1,"S","Holocaust Remembrance Day","S0356",2025,"https://legiscan.com/FL/bill/S0356/2025",0.777777777777778,7,1,"N",1,1,1,1,1
1503384,1895701,"2025-2025_Regular_Session","2025-03-03","Senate Commerce and Tourism",8,0,0,1,9,1,"S","Motor Vehicle Safety","S0092",2025,"https://legiscan.com/FL/bill/S0092/2025",0.888888888888889,8,1,"N",1,1,1,1,1
1503397,1964335,"2025-2025_Regular_Session","2025-03-03","Senate Banking and Insurance",10,0,0,0,10,1,"S","My Safe Florida Condominium Pilot Program","S0592",2025,"https://legiscan.com/FL/bill/S0592/2025",1,10,1,"N",1,1,1,1,1
1503418,1903465,"2025-2025_Regular_Session","2025-03-03","Senate Agriculture",6,0,0,0,6,1,"S","Abandoning Restrained Dogs During Natural Disasters","S0150",2025,"https://legiscan.com/FL/bill/S0150/2025",1,6,1,"N",1,1,1,1,1
1503437,1893073,"2025-2025_Regular_Session","2025-03-03","Senate Community Affairs",6,0,0,2,8,1,"S","Health Facilities Authorities","S0068",2025,"https://legiscan.com/FL/bill/S0068/2025",0.75,6,1,"N",1,1,1,1,1
1503631,1963432,"2025-2025_Regular_Session","2025-03-03","Senate Agriculture",5,1,0,0,6,1,"S","Chemical Additives in Food Products","S0560",2025,"https://legiscan.com/FL/bill/S0560/2025",0.833333333333333,6,0.833333333333333,"N",1,0.5,NA,1,1
1503687,1975386,"2025-2025_Regular_Session","2025-03-03","Senate Community Affairs",6,0,0,2,8,1,"S","Rural Communities","S0110",2025,"https://legiscan.com/FL/bill/S0110/2025",0.75,6,1,"N",1,1,1,1,1
1503883,1964238,"2025-2025_Regular_Session","2025-03-03","Senate Commerce and Tourism",7,0,0,2,9,1,"S","Manufacturing","S0600",2025,"https://legiscan.com/FL/bill/S0600/2025",0.777777777777778,7,1,"N",1,1,1,1,1
1503889,1981409,"2025-2025_Regular_Session","2025-03-03","Senate Banking and Insurance",10,0,0,0,10,1,"S","OGSR/Department of Financial Services","S7010",2025,"https://legiscan.com/FL/bill/S7010/2025",1,10,1,"N",1,1,1,1,1
1503905,1981248,"2025-2025_Regular_Session","2025-03-03","Senate Banking and Insurance",10,0,0,0,10,1,"S","OGSR/Financial Technology Sandbox","S7008",2025,"https://legiscan.com/FL/bill/S7008/2025",1,10,1,"N",1,1,1,1,1
1503906,1964260,"2025-2025_Regular_Session","2025-03-03","Senate Commerce and Tourism",7,0,0,2,9,1,"S","Fees/Florida Manufacturing Promotional Campaign","S0602",2025,"https://legiscan.com/FL/bill/S0602/2025",0.777777777777778,7,1,"N",1,1,1,1,1
1503914,1898276,"2025-2025_Regular_Session","2025-03-03","Senate Commerce and Tourism",8,0,0,1,9,1,"S","Prescription Hearing Aids","S0126",2025,"https://legiscan.com/FL/bill/S0126/2025",0.888888888888889,8,1,"N",1,1,1,1,1
1504141,1921139,"2025-2025_Regular_Session","2025-03-03","Senate Ethics and Elections",8,0,0,1,9,1,"S","Candidate Qualification","S0280",2025,"https://legiscan.com/FL/bill/S0280/2025",0.888888888888889,8,1,"N",1,1,1,1,1
1504148,1915759,"2025-2025_Regular_Session","2025-03-03","Senate Community Affairs",6,0,0,2,8,1,"S","Tax Exemption for Disabled Ex-servicemembers","S0218",2025,"https://legiscan.com/FL/bill/S0218/2025",0.75,6,1,"N",1,1,1,1,1
1504153,1943534,"2025-2025_Regular_Session","2025-03-03","Senate Community Affairs",6,0,0,2,8,1,"S","Annexing State-owned Lands","S0384",2025,"https://legiscan.com/FL/bill/S0384/2025",0.75,6,1,"N",1,1,1,1,1
1504472,1982521,"2025-2025_Regular_Session","2025-03-04","Senate Health Policy",10,0,0,0,10,1,"S","Quality of Care in Nursing Homes","S0170",2025,"https://legiscan.com/FL/bill/S0170/2025",1,10,1,"N",1,1,1,1,1
1504551,1942180,"2025-2025_Regular_Session","2025-03-04","Senate Military and Veterans Affairs, Space, and Domestic Security",6,0,0,0,6,1,"S","Ethics","S0348",2025,"https://legiscan.com/FL/bill/S0348/2025",1,6,1,"N",1,1,1,1,1
1504685,1958912,"2025-2025_Regular_Session","2025-03-04","House Health Care Facilities & Systems Subcommittee",17,0,0,1,18,1,"H","Background Screening of Athletic Coaches","H0431",2025,"https://legiscan.com/FL/bill/H0431/2025",0.944444444444444,17,1,"N",1,1,1,1,1
1504723,1957248,"2025-2025_Regular_Session","2025-03-04","Senate Judiciary",11,0,0,0,11,1,"S","Medical Review Committees","S0514",2025,"https://legiscan.com/FL/bill/S0514/2025",1,11,1,"N",1,1,1,1,1
1504737,1969855,"2025-2025_Regular_Session","2025-03-04","Senate Health Policy",10,0,0,0,10,1,"S","Nonopioid Advance Directives","S0714",2025,"https://legiscan.com/FL/bill/S0714/2025",1,10,1,"N",1,1,1,1,1
1504769,1896448,"2025-2025_Regular_Session","2025-03-04","House Human Services Subcommittee",18,0,0,0,18,1,"H","Child Care and Early Learning Providers","H0047",2025,"https://legiscan.com/FL/bill/H0047/2025",1,18,1,"N",1,1,1,1,1
1504770,1968812,"2025-2025_Regular_Session","2025-03-04","House Education Administration Subcommittee",18,0,0,0,18,1,"H","Diabetes Management In Schools","H0597",2025,"https://legiscan.com/FL/bill/H0597/2025",1,18,1,"N",1,1,1,1,1
1504802,1958668,"2025-2025_Regular_Session","2025-03-04","Senate Health Policy",10,0,0,0,10,1,"S","Nursing Education Programs","S0526",2025,"https://legiscan.com/FL/bill/S0526/2025",1,10,1,"N",1,1,1,1,1
1504820,1981909,"2025-2025_Regular_Session","2025-03-04","Senate Criminal Justice",9,0,0,0,9,1,"S","Mental Health","S0168",2025,"https://legiscan.com/FL/bill/S0168/2025",1,9,1,"N",1,1,1,1,1
1504825,1942658,"2025-2025_Regular_Session","2025-03-04","House Human Services Subcommittee",17,0,0,1,18,1,"H","Special Observances","H0259",2025,"https://legiscan.com/FL/bill/H0259/2025",0.944444444444444,17,1,"N",1,1,1,1,1
1504826,1924331,"2025-2025_Regular_Session","2025-03-04","House Natural Resources & Disasters Subcommittee",18,0,0,0,18,1,"H","State Land Management","H0209",2025,"https://legiscan.com/FL/bill/H0209/2025",1,18,1,"N",1,1,1,1,1
1504832,1940388,"2025-2025_Regular_Session","2025-03-04","House Health Care Facilities & Systems Subcommittee",17,0,0,1,18,1,"H","Health Facilities","H0229",2025,"https://legiscan.com/FL/bill/H0229/2025",0.944444444444444,17,1,"N",1,1,1,1,1
1504833,1901158,"2025-2025_Regular_Session","2025-03-04","House Education Administration Subcommittee",18,0,0,0,18,1,"H","Hazardous Walking Conditions","H0085",2025,"https://legiscan.com/FL/bill/H0085/2025",1,18,1,"N",1,1,1,1,1
1504882,1916603,"2025-2025_Regular_Session","2025-03-04","House Natural Resources & Disasters Subcommittee",17,1,0,0,18,1,"H","Resilient Buildings","H0143",2025,"https://legiscan.com/FL/bill/H0143/2025",0.944444444444444,18,0.944444444444444,"N",1,0.8,0.8,1,0.944444444444444
1504904,1921284,"2025-2025_Regular_Session","2025-03-04","Senate Criminal Justice",8,0,0,1,9,1,"S","Sheltering or Aiding Unmarried Minors","S0276",2025,"https://legiscan.com/FL/bill/S0276/2025",0.888888888888889,8,1,"N",1,1,1,1,1
1504933,1960474,"2025-2025_Regular_Session","2025-03-04","Senate Judiciary",11,0,0,0,11,1,"S","State Courts System","S0538",2025,"https://legiscan.com/FL/bill/S0538/2025",1,11,1,"N",1,1,1,1,1
1504959,1946372,"2025-2025_Regular_Session","2025-03-04","Senate Criminal Justice",8,0,0,1,9,1,"S","Unlawful Use of Uniforms, Medals, or Insignia","S0402",2025,"https://legiscan.com/FL/bill/S0402/2025",0.888888888888889,8,1,"N",1,1,1,1,1
1504965,1969805,"2025-2025_Regular_Session","2025-03-04","Senate Judiciary",9,2,0,0,11,1,"S","Actions for Recovery of Damages for Wrongful Death","S0734",2025,"https://legiscan.com/FL/bill/S0734/2025",0.818181818181818,11,0.818181818181818,"N",0.75,1,1,0.75,0.818181818181818
1504966,1907537,"2025-2025_Regular_Session","2025-03-04","House Education Administration Subcommittee",13,5,0,0,18,1,"H","Education","H0123",2025,"https://legiscan.com/FL/bill/H0123/2025",0.722222222222222,18,0.722222222222222,"N",1,0,1,1,1
1504980,1965399,"2025-2025_Regular_Session","2025-03-04","House Health Care Facilities & Systems Subcommittee",17,0,0,1,18,1,"H","Pub. Rec./Agency for Health Care Administration Personnel","H0527",2025,"https://legiscan.com/FL/bill/H0527/2025",0.944444444444444,17,1,"N",1,1,1,1,1
1505022,1946032,"2025-2025_Regular_Session","2025-03-04","Senate Military and Veterans Affairs, Space, and Domestic Security",6,0,0,0,6,1,"S","Interstate Compact on Educational Opportunity for Military Children","S0400",2025,"https://legiscan.com/FL/bill/S0400/2025",1,6,1,"N",1,1,1,1,1
1505208,1946221,"2025-2025_Regular_Session","2025-03-04","House Natural Resources & Disasters Subcommittee",18,0,0,0,18,1,"H","Comprehensive Waste Reduction and Recycling Plan","H0295",2025,"https://legiscan.com/FL/bill/H0295/2025",1,18,1,"N",1,1,1,1,1
1505245,1967715,"2025-2025_Regular_Session","2025-03-04","House Natural Resources & Disasters Subcommittee",16,2,0,0,18,1,"H","Former Phosphate Mining Lands","H0585",2025,"https://legiscan.com/FL/bill/H0585/2025",0.888888888888889,18,0.888888888888889,"N",1,0.6,0.6,1,0.888888888888889
1505339,1894688,"2025-2025_Regular_Session","2025-03-04","Senate Criminal Justice",9,0,0,0,9,1,"S","Peer Support for First Responders","S0086",2025,"https://legiscan.com/FL/bill/S0086/2025",1,9,1,"N",1,1,1,1,1
1505346,1953383,"2025-2025_Regular_Session","2025-03-04","Senate Criminal Justice",9,0,0,0,9,1,"S","Education in Correctional Facilities for Licensed Professions","S0472",2025,"https://legiscan.com/FL/bill/S0472/2025",1,9,1,"N",1,1,1,1,1
1505357,1964835,"2025-2025_Regular_Session","2025-03-04","Senate Criminal Justice",8,0,0,1,9,1,"S","Boating Safety","S0628",2025,"https://legiscan.com/FL/bill/S0628/2025",0.888888888888889,8,1,"N",1,1,1,1,1
1505445,1956520,"2025-2025_Regular_Session","2025-03-04","Senate Criminal Justice",7,1,0,1,9,1,"S","Concealed Carry Licensing Requirements for Law Enforcement Officers, Correctional Officers, Correctional Probation Officers, and Military Servicemembers","S0490",2025,"https://legiscan.com/FL/bill/S0490/2025",0.777777777777778,8,0.875,"N",1,0.666666666666667,0.666666666666667,1,0.875
1505653,1924116,"2025-2025_Regular_Session","2025-03-05","Senate Appropriations Committee on Health and Human Services",10,0,0,0,10,1,"S","Collaborative Pharmacy Practice for Chronic Health Conditions","S0294",2025,"https://legiscan.com/FL/bill/S0294/2025",1,10,1,"N",1,1,1,1,1
1505660,1922014,"2025-2025_Regular_Session","2025-03-05","Senate Appropriations Committee on Transportation, Tourism, and Economic Development",13,0,0,2,15,1,"S","Transportation Facility Designations/Harris Rosen Way and Geraldine Thompson Way","S0274",2025,"https://legiscan.com/FL/bill/S0274/2025",0.866666666666667,13,1,"N",1,1,1,1,1
1505668,1987597,"2025-2025_Regular_Session","2025-03-04","Senate Children, Families, and Elder Affairs",7,0,0,0,7,1,"S","Child Welfare","S7012",2025,"https://legiscan.com/FL/bill/S7012/2025",1,7,1,"N",1,1,1,1,1
1505711,1958195,"2025-2025_Regular_Session","2025-03-05","Senate Appropriations Committee on Health and Human Services",10,0,0,0,10,1,"S","Veterans","S0116",2025,"https://legiscan.com/FL/bill/S0116/2025",1,10,1,"N",1,1,1,1,1
1505755,1945994,"2025-2025_Regular_Session","2025-03-04","Senate Children, Families, and Elder Affairs",7,0,0,0,7,1,"S","Awareness Program for Alzheimer's Disease and Dementia-related Disorders","S0398",2025,"https://legiscan.com/FL/bill/S0398/2025",1,7,1,"N",1,1,1,1,1
1505756,1892656,"2025-2025_Regular_Session","2025-03-05","Senate Appropriations Committee on Agriculture, Environment, and General Government",11,0,0,2,13,1,"S","Nature-based Methods for Improving Coastal Resilience","S0050",2025,"https://legiscan.com/FL/bill/S0050/2025",0.846153846153846,11,1,"N",1,1,1,1,1
1505794,1908822,"2025-2025_Regular_Session","2025-03-05","Senate Appropriations Committee on Agriculture, Environment, and General Government",11,0,0,2,13,1,"S","Coverage for Diagnostic and Supplemental Breast Examinations","S0158",2025,"https://legiscan.com/FL/bill/S0158/2025",0.846153846153846,11,1,"N",1,1,1,1,1
1505832,1894915,"2025-2025_Regular_Session","2025-03-05","Senate Appropriations Committee on Transportation, Tourism, and Economic Development",10,3,0,2,15,1,"S","Utility Terrain Vehicles","S0088",2025,"https://legiscan.com/FL/bill/S0088/2025",0.666666666666667,13,0.769230769230769,"N",1,0.25,0.75,1,0.923076923076923
1505876,1963605,"2025-2025_Regular_Session","2025-03-05","Senate Appropriations Committee on Agriculture, Environment, and General Government",11,0,0,2,13,1,"S","Water Management Districts","S7002",2025,"https://legiscan.com/FL/bill/S7002/2025",0.846153846153846,11,1,"N",1,1,1,1,1
1505898,1909517,"2025-2025_Regular_Session","2025-03-05","Senate Appropriations Committee on Agriculture, Environment, and General Government",11,0,0,2,13,1,"S","Public Accountancy","S0160",2025,"https://legiscan.com/FL/bill/S0160/2025",0.846153846153846,11,1,"N",1,1,1,1,1
1506010,1917016,"2025-2025_Regular_Session","2025-03-05","Senate Appropriations Committee on Criminal and Civil Justice",8,0,0,1,9,1,"S","Criminal Offenses Against Law Enforcement Officers and Other Personnel","S0234",2025,"https://legiscan.com/FL/bill/S0234/2025",0.888888888888889,8,1,"N",1,1,1,1,1
1506013,1930979,"2025-2025_Regular_Session","2025-03-05","Senate Appropriations Committee on Criminal and Civil Justice",8,0,0,1,9,1,"S","Property Rights","S0322",2025,"https://legiscan.com/FL/bill/S0322/2025",0.888888888888889,8,1,"N",1,1,1,1,1
1506122,1964133,"2025-2025_Regular_Session","2025-03-04","Senate Transportation",7,1,0,1,9,1,"S","Anchoring or Mooring at Seaports","S0594",2025,"https://legiscan.com/FL/bill/S0594/2025",0.777777777777778,8,0.875,"N",1,0.5,NA,1,1
1506167,1892647,"2025-2025_Regular_Session","2025-03-04","Senate Transportation",9,0,0,0,9,1,"S","Motor Vehicles","S0044",2025,"https://legiscan.com/FL/bill/S0044/2025",1,9,1,"N",1,1,1,1,1
1506171,1954507,"2025-2025_Regular_Session","2025-03-05","House Civil Justice & Claims Subcommittee",18,0,0,0,18,1,"H","Trusts","H0385",2025,"https://legiscan.com/FL/bill/H0385/2025",1,18,1,"N",1,1,1,1,1
1506188,1975198,"2025-2025_Regular_Session","2025-03-05","House Health Professions & Programs Subcommittee",18,0,0,0,18,1,"H","Type 1 Diabetes Early Detection Program","H0723",2025,"https://legiscan.com/FL/bill/H0723/2025",1,18,1,"N",1,1,1,1,1
1506190,1918297,"2025-2025_Regular_Session","2025-03-05","House Civil Justice & Claims Subcommittee",18,0,0,0,18,1,"H","Service of Process","H0157",2025,"https://legiscan.com/FL/bill/H0157/2025",1,18,1,"N",1,1,1,1,1
1506209,1897268,"2025-2025_Regular_Session","2025-03-04","Senate Children, Families, and Elder Affairs",7,0,0,0,7,1,"S","Exploitation of Vulnerable Adults","S0106",2025,"https://legiscan.com/FL/bill/S0106/2025",1,7,1,"N",1,1,1,1,1
1506211,1894920,"2025-2025_Regular_Session","2025-03-05","House Economic Infrastructure Subcommittee",18,0,0,0,18,1,"H","Municipal Water and Sewer Utility Rates","H0011",2025,"https://legiscan.com/FL/bill/H0011/2025",1,18,1,"N",1,1,1,1,1
1506215,1956354,"2025-2025_Regular_Session","2025-03-05","House Civil Justice & Claims Subcommittee",18,0,0,0,18,1,"H","Limited Liability Companies","H0403",2025,"https://legiscan.com/FL/bill/H0403/2025",1,18,1,"N",1,1,1,1,1
1506239,1898257,"2025-2025_Regular_Session","2025-03-05","Senate Appropriations Committee on Criminal and Civil Justice",8,0,0,1,9,1,"S","Compensation of Victims of Wrongful Incarceration","S0130",2025,"https://legiscan.com/FL/bill/S0130/2025",0.888888888888889,8,1,"N",1,1,1,1,1
1506280,1901209,"2025-2025_Regular_Session","2025-03-05","House Civil Justice & Claims Subcommittee",18,0,0,0,18,1,"H","Relief/Sidney Holmes/State of Florida","H6501",2025,"https://legiscan.com/FL/bill/H6501/2025",1,18,1,"N",1,1,1,1,1
1506342,1971252,"2025-2025_Regular_Session","2025-03-05","House Health Professions & Programs Subcommittee",12,6,0,0,18,1,"H","Autonomous Practice by a Certified Registered Nurse Anesthetist","H0649",2025,"https://legiscan.com/FL/bill/H0649/2025",0.666666666666667,18,0.666666666666667,"N",0.846153846153846,0.2,0.8,0.846153846153846,0.833333333333333
1506743,1901381,"2025-2025_Regular_Session","2025-03-05","House Civil Justice & Claims Subcommittee",18,0,0,0,18,1,"H","Service of Process in Proceedings for Protection of Vulnerable Adults","H0097",2025,"https://legiscan.com/FL/bill/H0097/2025",1,18,1,"N",1,1,1,1,1
1506779,1964997,"2025-2025_Regular_Session","2025-03-04","Senate Transportation",8,0,0,1,9,1,"S","Specialty License Plates/Miami Dade College and St. Petersburg College","S0620",2025,"https://legiscan.com/FL/bill/S0620/2025",0.888888888888889,8,1,"N",1,1,1,1,1
1506882,1957306,"2025-2025_Regular_Session","2025-03-05","House Civil Justice & Claims Subcommittee",17,0,0,1,18,1,"H","Curators of Estates","H0417",2025,"https://legiscan.com/FL/bill/H0417/2025",0.944444444444444,17,1,"N",1,1,1,1,1
1506936,1961673,"2025-2025_Regular_Session","2025-03-05","House Civil Justice & Claims Subcommittee",18,0,0,0,18,1,"H","Recovery of Damages for Medical Negligence Resulting in Death","H6017",2025,"https://legiscan.com/FL/bill/H6017/2025",1,18,1,"N",1,1,1,1,1
1507005,1901186,"2025-2025_Regular_Session","2025-03-05","Senate Appropriations Committee on Criminal and Civil Justice",6,2,0,1,9,1,"S","Driving and Boating Offenses","S0138",2025,"https://legiscan.com/FL/bill/S0138/2025",0.666666666666667,8,0.75,"N",1,0.333333333333333,0.666666666666667,1,0.875
1507082,1957959,"2025-2025_Regular_Session","2025-03-06","Senate Fiscal Policy",16,0,0,3,19,1,"S","Children with Developmental Disabilities","S0112",2025,"https://legiscan.com/FL/bill/S0112/2025",0.842105263157895,16,1,"N",1,1,1,1,1
1507126,1971879,"2025-2025_Regular_Session","2025-03-05","House Insurance & Banking Subcommittee",17,0,0,1,18,1,"H","Pet Insurance and Wellness Programs","H0655",2025,"https://legiscan.com/FL/bill/H0655/2025",0.944444444444444,17,1,"N",1,1,1,1,1
1507168,1953712,"2025-2025_Regular_Session","2025-03-05","House Insurance & Banking Subcommittee",17,0,0,1,18,1,"H","Securities","H0379",2025,"https://legiscan.com/FL/bill/H0379/2025",0.944444444444444,17,1,"N",1,1,1,1,1
1507186,1917097,"2025-2025_Regular_Session","2025-03-05","House Insurance & Banking Subcommittee",17,0,0,1,18,1,"H","Prohibited Practices in Consumer Debt Collection","H0147",2025,"https://legiscan.com/FL/bill/H0147/2025",0.944444444444444,17,1,"N",1,1,1,1,1
1507191,1963449,"2025-2025_Regular_Session","2025-03-05","House Insurance & Banking Subcommittee",16,0,0,2,18,1,"H","Nonprofit Agricultural Organization Medical Benefit Plans","H0497",2025,"https://legiscan.com/FL/bill/H0497/2025",0.888888888888889,16,1,"N",1,1,1,1,1
1507373,1956265,"2025-2025_Regular_Session","2025-03-06","House Intergovernmental Affairs Subcommittee",16,0,0,2,18,1,"H","St. Augustine-St. Johns County Airport Authority, St. Johns County","H4009",2025,"https://legiscan.com/FL/bill/H4009/2025",0.888888888888889,16,1,"N",1,1,1,1,1
1507424,1943776,"2025-2025_Regular_Session","2025-03-06","House Government Operations Subcommittee",16,1,0,1,18,1,"H","Motorcycle Specialty License Plates","H0267",2025,"https://legiscan.com/FL/bill/H0267/2025",0.888888888888889,17,0.941176470588235,"N",0.916666666666667,1,1,0.916666666666667,0.941176470588235
1507444,1922154,"2025-2025_Regular_Session","2025-03-06","House Industries & Professional Activities Subcommittee",15,0,0,3,18,1,"H","Education in Correctional Facilities for Licensed Professions","H0195",2025,"https://legiscan.com/FL/bill/H0195/2025",0.833333333333333,15,1,"N",1,1,1,1,1
1507455,1982451,"2025-2025_Regular_Session","2025-03-06","House Intergovernmental Affairs Subcommittee",14,0,0,4,18,1,"H","City Pension Fund for Firefighters and Police Officers in the City of Tampa, Hillsborough County","H4045",2025,"https://legiscan.com/FL/bill/H4045/2025",0.777777777777778,14,1,"N",1,1,1,1,1
1507521,1988799,"2025-2025_Regular_Session","2025-03-05","Senate Appropriations Committee on Criminal and Civil Justice",9,0,0,0,9,1,"S","Trust Funds of the State Courts System","S7014",2025,"https://legiscan.com/FL/bill/S7014/2025",1,9,1,"N",1,1,1,1,1
1507546,1974860,"2025-2025_Regular_Session","2025-03-05","House Insurance & Banking Subcommittee",17,0,0,1,18,1,"H","OGSR/Financial Technology Sandbox Applications/OFR","H7003",2025,"https://legiscan.com/FL/bill/H7003/2025",0.944444444444444,17,1,"N",1,1,1,1,1
1507584,1970927,"2025-2025_Regular_Session","2025-03-06","House Intergovernmental Affairs Subcommittee",16,0,0,2,18,1,"H","Bermont Drainage District, Charlotte County","H4017",2025,"https://legiscan.com/FL/bill/H4017/2025",0.888888888888889,16,1,"N",1,1,1,1,1
1507618,1940269,"2025-2025_Regular_Session","2025-03-06","House Government Operations Subcommittee",16,1,0,1,18,1,"H","Operating Motor Vehicles at Slow Speeds","H0241",2025,"https://legiscan.com/FL/bill/H0241/2025",0.888888888888889,17,0.941176470588235,"N",0.916666666666667,1,1,0.916666666666667,0.941176470588235
1507661,1898294,"2025-2025_Regular_Session","2025-03-06","House Intergovernmental Affairs Subcommittee",13,2,0,3,18,1,"H","Regulation of Presidential Libraries","H0069",2025,"https://legiscan.com/FL/bill/H0069/2025",0.722222222222222,15,0.866666666666667,"N",1,0.6,0.6,1,0.866666666666667
1507694,1953805,"2025-2025_Regular_Session","2025-03-05","House Insurance & Banking Subcommittee",17,0,0,1,18,1,"H","Home and Service Warranty Association Financial Requirements","H0367",2025,"https://legiscan.com/FL/bill/H0367/2025",0.944444444444444,17,1,"N",1,1,1,1,1
1507723,1915029,"2025-2025_Regular_Session","2025-03-06","House Industries & Professional Activities Subcommittee",15,0,0,3,18,1,"H","Pawnbroker Transaction Forms","H0139",2025,"https://legiscan.com/FL/bill/H0139/2025",0.833333333333333,15,1,"N",1,1,1,1,1
1507742,1970227,"2025-2025_Regular_Session","2025-03-06","House Intergovernmental Affairs Subcommittee",15,0,0,3,18,1,"H","Pub. Rec./County and City Administrators and Managers","H0623",2025,"https://legiscan.com/FL/bill/H0623/2025",0.833333333333333,15,1,"N",1,1,1,1,1
1507781,1985042,"2025-2025_Regular_Session","2025-03-06","House Government Operations Subcommittee",14,4,0,0,18,1,"H","Amendments to the State Constitution","H1205",2025,"https://legiscan.com/FL/bill/H1205/2025",0.777777777777778,18,0.777777777777778,"N",1,0.2,0.8,1,0.944444444444444
1507892,1943776,"2025-2025_Regular_Session","2025-03-06","House Government Operations Subcommittee",14,0,0,4,18,1,"H","Motorcycle Specialty License Plates","H0267",2025,"https://legiscan.com/FL/bill/H0267/2025",0.777777777777778,14,1,"N",1,1,1,1,1
1508014,1957846,"2025-2025_Regular_Session","2025-03-06","House Industries & Professional Activities Subcommittee",16,0,0,2,18,1,"H","Limitation of Size of Individual Wine Containers","H6015",2025,"https://legiscan.com/FL/bill/H6015/2025",0.888888888888889,16,1,"N",1,1,1,1,1
1508118,1972564,"2025-2025_Regular_Session","2025-03-06","House Intergovernmental Affairs Subcommittee",16,0,0,2,18,1,"H","Officers and Employees of North Springs Improvement District, Broward County","H4023",2025,"https://legiscan.com/FL/bill/H4023/2025",0.888888888888889,16,1,"N",1,1,1,1,1
1508229,1951409,"2025-2025_Regular_Session","2025-03-06","House Industries & Professional Activities Subcommittee",14,1,0,3,18,1,"H","Licensure Requirements for Surveyors and Mappers","H0339",2025,"https://legiscan.com/FL/bill/H0339/2025",0.777777777777778,15,0.933333333333333,"N",0.9,1,1,0.9,0.933333333333333
1508413,1953605,"2025-2025_Regular_Session","2025-03-06","House Criminal Justice Subcommittee",18,0,0,0,18,1,"H","Purchase and Possession of Firearms by Law Enforcement Officers, Correctional Officers, Correctional Probation Officers, and Servicemembers","H0383",2025,"https://legiscan.com/FL/bill/H0383/2025",1,18,1,"N",1,1,1,1,1
1508417,1942733,"2025-2025_Regular_Session","2025-03-06","House Criminal Justice Subcommittee",15,0,0,3,18,1,"H","Compensation for Health Care Services for Inmates in Martin County","H4007",2025,"https://legiscan.com/FL/bill/H4007/2025",0.833333333333333,15,1,"N",1,1,1,1,1
1508418,1973099,"2025-2025_Regular_Session","2025-03-06","House Criminal Justice Subcommittee",17,1,0,0,18,1,"H","Aggravating Factors for Capital Felonies","H0693",2025,"https://legiscan.com/FL/bill/H0693/2025",0.944444444444444,18,0.944444444444444,"N",1,0.8,0.8,1,0.944444444444444
1508419,1919798,"2025-2025_Regular_Session","2025-03-06","House Criminal Justice Subcommittee",17,0,0,1,18,1,"H","Criminal Offenses Against Law Enforcement Officers and Other Personnel","H0175",2025,"https://legiscan.com/FL/bill/H0175/2025",0.944444444444444,17,1,"N",1,1,1,1,1
1508420,1895697,"2025-2025_Regular_Session","2025-03-06","House Criminal Justice Subcommittee",18,0,0,0,18,1,"H","Pub. Rec./Victims of Domestic Violence and Dating Violence","H0041",2025,"https://legiscan.com/FL/bill/H0041/2025",1,18,1,"N",1,1,1,1,1
1508422,1946009,"2025-2025_Regular_Session","2025-03-06","House Criminal Justice Subcommittee",18,0,0,0,18,1,"H","Boating Safety","H0289",2025,"https://legiscan.com/FL/bill/H0289/2025",1,18,1,"N",1,1,1,1,1
1508432,1894906,"2025-2025_Regular_Session","2025-03-06","House Criminal Justice Subcommittee",18,0,0,0,18,1,"H","Victims of Domestic Violence and Dating Violence","H0019",2025,"https://legiscan.com/FL/bill/H0019/2025",1,18,1,"N",1,1,1,1,1
1508448,1963746,"2025-2025_Regular_Session","2025-03-06","House Criminal Justice Subcommittee",15,0,0,3,18,1,"H","Electronic Transmittal of Court Orders","H0513",2025,"https://legiscan.com/FL/bill/H0513/2025",0.833333333333333,15,1,"N",1,1,1,1,1
1508454,1923445,"2025-2025_Regular_Session","2025-03-06","House Criminal Justice Subcommittee",15,0,0,3,18,1,"H","Abandoning Restrained Dogs During Natural Disasters","H0205",2025,"https://legiscan.com/FL/bill/H0205/2025",0.833333333333333,15,1,"N",1,1,1,1,1
1508512,1897172,"2025-2025_Regular_Session","2025-03-06","House Criminal Justice Subcommittee",17,0,0,1,18,1,"H","Regulation of Xylazine","H0057",2025,"https://legiscan.com/FL/bill/H0057/2025",0.944444444444444,17,1,"N",1,1,1,1,1
1508544,1962096,"2025-2025_Regular_Session","2025-03-06","House Criminal Justice Subcommittee",18,0,0,0,18,1,"H","Leaving the Scene of a Crash Involving Only Damage to Vehicle or Property","H0479",2025,"https://legiscan.com/FL/bill/H0479/2025",1,18,1,"N",1,1,1,1,1
1508613,1957367,"2025-2025_Regular_Session","2025-03-06","House Criminal Justice Subcommittee",16,0,0,2,18,1,"H","Peer Support for First Responders","H0421",2025,"https://legiscan.com/FL/bill/H0421/2025",0.888888888888889,16,1,"N",1,1,1,1,1
1509081,1927298,"2025-2025_Regular_Session","2025-02-18","Senate Education Postsecondary",0,0,0,7,7,0,"S","Florida Institute for Human and Machine Cognition, Inc.","S0312",2025,"https://legiscan.com/FL/bill/S0312/2025",0,0,NA,"N",NA,NA,NA,NA,NA
1509096,1923039,"2025-2025_Regular_Session","2025-03-10","Senate Commerce and Tourism",8,0,0,1,9,1,"S","Warranty Associations","S0282",2025,"https://legiscan.com/FL/bill/S0282/2025",0.888888888888889,8,1,"N",1,1,1,1,1
1509137,1967866,"2025-2025_Regular_Session","2025-03-10","Senate Commerce and Tourism",5,3,0,1,9,1,"S","Minimum Wage Requirements","S0676",2025,"https://legiscan.com/FL/bill/S0676/2025",0.555555555555556,8,0.625,"N",1,0,1,1,1
1509138,1966580,"2025-2025_Regular_Session","2025-03-04","Senate Transportation",9,0,0,0,9,1,"S","Transportation Facility Designations/Heroes Memorial Overpass","S0654",2025,"https://legiscan.com/FL/bill/S0654/2025",1,9,1,"N",1,1,1,1,1
1509172,1982412,"2025-2025_Regular_Session","2025-03-10","Senate Commerce and Tourism",7,1,0,1,9,1,"S","Consumers' Right to Repair Certain Equipment","S1132",2025,"https://legiscan.com/FL/bill/S1132/2025",0.777777777777778,8,0.875,"N",1,0.666666666666667,0.666666666666667,1,0.875
1509310,1969171,"2025-2025_Regular_Session","2025-03-10","Senate Commerce and Tourism",7,1,0,1,9,1,"S","Provenance of Digital Content","S0702",2025,"https://legiscan.com/FL/bill/S0702/2025",0.777777777777778,8,0.875,"N",1,0.666666666666667,0.666666666666667,1,0.875
1509507,1983666,"2025-2025_Regular_Session","2025-03-10","Senate Commerce and Tourism",8,0,0,1,9,1,"S","Research and Development Tax Credit","S1244",2025,"https://legiscan.com/FL/bill/S1244/2025",0.888888888888889,8,1,"N",1,1,1,1,1
1509564,1967572,"2025-2025_Regular_Session","2025-03-10","Senate Commerce and Tourism",8,0,0,1,9,1,"S","Pawnbroker Transaction Forms","S0678",2025,"https://legiscan.com/FL/bill/S0678/2025",0.888888888888889,8,1,"N",1,1,1,1,1
1512484,1975511,"2025-2025_Regular_Session","2025-03-11","Senate Appropriations Committee on Pre-K - 12 Education",9,0,0,1,10,1,"S","Administrative Efficiency in Public Schools","S0166",2025,"https://legiscan.com/FL/bill/S0166/2025",0.9,9,1,"N",1,1,1,1,1
1512497,1992688,"2025-2025_Regular_Session","2025-03-10","Senate Ethics and Elections",6,3,0,0,9,1,"S","Initiative Petitions Proposing an Amendment to the State Constitution","S7016",2025,"https://legiscan.com/FL/bill/S7016/2025",0.666666666666667,9,0.666666666666667,"N",1,0,1,1,1
1512542,1964260,"2025-2025_Regular_Session","2025-03-11","Senate Appropriations Committee on Transportation, Tourism, and Economic Development",15,0,0,0,15,1,"S","Fees/Florida Manufacturing Promotional Campaign","S0602",2025,"https://legiscan.com/FL/bill/S0602/2025",1,15,1,"N",1,1,1,1,1
1512596,1981384,"2025-2025_Regular_Session","2025-03-11","House Education Administration Subcommittee",17,0,0,1,18,1,"H","Wireless Communications Devices on School Grounds","H0949",2025,"https://legiscan.com/FL/bill/H0949/2025",0.944444444444444,17,1,"N",1,1,1,1,1
1512609,1987752,"2025-2025_Regular_Session","2025-03-11","House Education Administration Subcommittee",16,0,0,2,18,1,"H","Safety of Students","H1403",2025,"https://legiscan.com/FL/bill/H1403/2025",0.888888888888889,16,1,"N",1,1,1,1,1
1512712,1952078,"2025-2025_Regular_Session","2025-03-11","House Human Services Subcommittee",18,0,0,0,18,1,"H","Emergency Opioid Antagonists in Public K-12 Schools and Postsecondary Educational Institutions","H0355",2025,"https://legiscan.com/FL/bill/H0355/2025",1,18,1,"N",1,1,1,1,1
1512830,1965376,"2025-2025_Regular_Session","2025-03-11","House Human Services Subcommittee",18,0,0,0,18,1,"H","Child Care Facility and Program Background Screening Requirements","H0531",2025,"https://legiscan.com/FL/bill/H0531/2025",1,18,1,"N",1,1,1,1,1
1512905,1902581,"2025-2025_Regular_Session","2025-02-05","House Industries & Professional Activities Subcommittee",12,4,0,2,18,1,"H","Pari-mutuel Wagering","H0105",2025,"https://legiscan.com/FL/bill/H0105/2025",0.666666666666667,16,0.75,"N",1,0,1,1,1
1512948,1897165,"2025-2025_Regular_Session","2025-03-11","Senate Appropriations Committee on Pre-K - 12 Education",9,0,0,1,10,1,"S","Exceptional Student Education","S0102",2025,"https://legiscan.com/FL/bill/S0102/2025",0.9,9,1,"N",1,1,1,1,1
1512993,1927121,"2025-2025_Regular_Session","2025-03-11","Senate Appropriations Committee on Pre-K - 12 Education",8,1,0,1,10,1,"S","Middle School and High School Start Times","S0296",2025,"https://legiscan.com/FL/bill/S0296/2025",0.8,9,0.888888888888889,"N",0.833333333333333,1,1,0.833333333333333,0.888888888888889
1513041,1946372,"2025-2025_Regular_Session","2025-03-11","Senate Military and Veterans Affairs, Space, and Domestic Security",5,0,0,1,6,1,"S","Unlawful Use of Uniforms, Medals, or Insignia","S0402",2025,"https://legiscan.com/FL/bill/S0402/2025",0.833333333333333,5,1,"N",1,1,1,1,1
1513072,1975198,"2025-2025_Regular_Session","2025-03-11","House Education Administration Subcommittee",17,0,0,1,18,1,"H","Type 1 Diabetes Early Detection Program","H0723",2025,"https://legiscan.com/FL/bill/H0723/2025",0.944444444444444,17,1,"N",1,1,1,1,1
1513115,1981199,"2025-2025_Regular_Session","2025-03-11","Senate Governmental Oversight and Accountability",6,1,0,1,8,1,"S","Gulf of America","S1058",2025,"https://legiscan.com/FL/bill/S1058/2025",0.75,7,0.857142857142857,"N",1,0.5,NA,1,1
1513129,1983927,"2025-2025_Regular_Session","2025-03-11","House Human Services Subcommittee",18,0,0,0,18,1,"H","Child Welfare","H1127",2025,"https://legiscan.com/FL/bill/H1127/2025",1,18,1,"N",1,1,1,1,1
1513135,1952198,"2025-2025_Regular_Session","2025-03-11","Senate Governmental Oversight and Accountability",7,0,0,1,8,1,"S","Administrative Procedure","S0448",2025,"https://legiscan.com/FL/bill/S0448/2025",0.875,7,1,"N",1,1,1,1,1
1513162,1975419,"2025-2025_Regular_Session","2025-03-11","Senate Health Policy",10,0,0,0,10,1,"S","Improving Screening for and Treatment of Blood Clots","S0890",2025,"https://legiscan.com/FL/bill/S0890/2025",1,10,1,"N",1,1,1,1,1
1513183,1941980,"2025-2025_Regular_Session","2025-03-11","Senate Military and Veterans Affairs, Space, and Domestic Security",5,0,0,1,6,1,"S","Educational Dollars for Duty Program","S0336",2025,"https://legiscan.com/FL/bill/S0336/2025",0.833333333333333,5,1,"N",1,1,1,1,1
1513198,1983495,"2025-2025_Regular_Session","2025-03-10","Senate Banking and Insurance",10,0,0,0,10,1,"S","Pet Insurance and Wellness Programs","S1226",2025,"https://legiscan.com/FL/bill/S1226/2025",1,10,1,"N",1,1,1,1,1
1513250,1980688,"2025-2025_Regular_Session","2025-03-11","House Education Administration Subcommittee",17,0,0,1,18,1,"H","Florida Institute for Pediatric Rare Diseases","H0907",2025,"https://legiscan.com/FL/bill/H0907/2025",0.944444444444444,17,1,"N",1,1,1,1,1
1513285,1983449,"2025-2025_Regular_Session","2025-03-11","Senate Criminal Justice",9,0,0,0,9,1,"S","Fraudulent Use of Gift Cards","S1198",2025,"https://legiscan.com/FL/bill/S1198/2025",1,9,1,"N",1,1,1,1,1
1513327,1953445,"2025-2025_Regular_Session","2025-03-11","House Natural Resources & Disasters Subcommittee",16,0,0,2,18,1,"H","Nature-based Methods for Improving Coastal Resilience","H0371",2025,"https://legiscan.com/FL/bill/H0371/2025",0.888888888888889,16,1,"N",1,1,1,1,1
1513340,1983587,"2025-2025_Regular_Session","2025-03-11","House Health Care Facilities & Systems Subcommittee",16,0,0,2,18,1,"H","Health Care Patient Protection","H1119",2025,"https://legiscan.com/FL/bill/H1119/2025",0.888888888888889,16,1,"N",1,1,1,1,1
1513414,1942658,"2025-2025_Regular_Session","2025-03-11","House Government Operations Subcommittee",17,0,0,1,18,1,"H","Special Observances","H0259",2025,"https://legiscan.com/FL/bill/H0259/2025",0.944444444444444,17,1,"N",1,1,1,1,1
1513526,1969327,"2025-2025_Regular_Session","2025-03-11","Senate Criminal Justice",9,0,0,0,9,1,"S","Sexual Offenses by Persons Previously Convicted of Sexual Offenses","S0716",2025,"https://legiscan.com/FL/bill/S0716/2025",1,9,1,"N",1,1,1,1,1
1513599,1963580,"2025-2025_Regular_Session","2025-03-11","Senate Governmental Oversight and Accountability",7,0,0,1,8,1,"S","Public Records and Meetings/NG911 Systems","S7006",2025,"https://legiscan.com/FL/bill/S7006/2025",0.875,7,1,"N",1,1,1,1,1
1513652,1973421,"2025-2025_Regular_Session","2025-03-11","Senate Environment and Natural Resources",9,0,0,0,9,1,"S","Requirements for Battery Manufacturers","S0800",2025,"https://legiscan.com/FL/bill/S0800/2025",1,9,1,"N",1,1,1,1,1
1513663,1986968,"2025-2025_Regular_Session","2025-03-11","House Government Operations Subcommittee",14,3,0,1,18,1,"H","Succession to Office of Governor, Auditing, and Government Efficiency","H1325",2025,"https://legiscan.com/FL/bill/H1325/2025",0.777777777777778,17,0.823529411764706,"N",1,0.4,0.6,1,0.882352941176471
1513713,1987620,"2025-2025_Regular_Session","2025-03-11","Senate Health Policy",10,0,0,0,10,1,"S","Tax Credits for Charitable Contributions","S0182",2025,"https://legiscan.com/FL/bill/S0182/2025",1,10,1,"N",1,1,1,1,1
1513729,1894965,"2025-2025_Regular_Session","2025-03-11","House Government Operations Subcommittee",17,0,0,1,18,1,"H","Pub. Rec. and Meetings/Social Work Licensure Interstate Compact","H0029",2025,"https://legiscan.com/FL/bill/H0029/2025",0.944444444444444,17,1,"N",1,1,1,1,1
1513730,1975477,"2025-2025_Regular_Session","2025-03-11","Senate Military and Veterans Affairs, Space, and Domestic Security",5,0,0,1,6,1,"S","Florida State Guard","S0884",2025,"https://legiscan.com/FL/bill/S0884/2025",0.833333333333333,5,1,"N",1,1,1,1,1
1513731,1977496,"2025-2025_Regular_Session","2025-03-11","Senate Health Policy",8,2,0,0,10,1,"S","Invalid Restrictive Covenants in Health Care","S0942",2025,"https://legiscan.com/FL/bill/S0942/2025",0.8,10,0.8,"N",0.857142857142857,0.666666666666667,0.666666666666667,0.857142857142857,0.8
1513734,1963716,"2025-2025_Regular_Session","2025-03-11","Senate Governmental Oversight and Accountability",7,0,0,1,8,1,"S","OGSR/Applicants or Participants in Certain Federal, State, or Local Housing Assistance Programs","S7004",2025,"https://legiscan.com/FL/bill/S7004/2025",0.875,7,1,"N",1,1,1,1,1
1513742,1969698,"2025-2025_Regular_Session","2025-03-11","Senate Criminal Justice",9,0,0,0,9,1,"S","Public Records/Crime Stoppers Organizations","S0710",2025,"https://legiscan.com/FL/bill/S0710/2025",1,9,1,"N",1,1,1,1,1
1513752,1972698,"2025-2025_Regular_Session","2025-03-11","House Health Care Facilities & Systems Subcommittee",16,0,0,2,18,1,"H","State Group Insurance Program Coverage of Standard Fertility Preservation Services","H0677",2025,"https://legiscan.com/FL/bill/H0677/2025",0.888888888888889,16,1,"N",1,1,1,1,1
1513815,1973264,"2025-2025_Regular_Session","2025-03-11","Senate Environment and Natural Resources",9,0,0,0,9,1,"S","Stormwater Management Systems","S0810",2025,"https://legiscan.com/FL/bill/S0810/2025",1,9,1,"N",1,1,1,1,1
1513838,1972320,"2025-2025_Regular_Session","2025-03-11","Senate Agriculture",6,0,0,0,6,1,"S","Improvements to Structures on Agricultural Lands","S0786",2025,"https://legiscan.com/FL/bill/S0786/2025",1,6,1,"N",1,1,1,1,1
1513840,1973249,"2025-2025_Regular_Session","2025-03-11","Senate Environment and Natural Resources",9,0,0,0,9,1,"S","General Permits for Distributed Wastewater Treatment Systems","S0796",2025,"https://legiscan.com/FL/bill/S0796/2025",1,9,1,"N",1,1,1,1,1
1513845,1927298,"2025-2025_Regular_Session","2025-03-10","Senate Education Postsecondary",5,0,0,2,7,1,"S","Florida Institute for Human and Machine Cognition, Inc.","S0312",2025,"https://legiscan.com/FL/bill/S0312/2025",0.714285714285714,5,1,"N",1,NA,NA,NA,NA
1513856,1967427,"2025-2025_Regular_Session","2025-03-11","House Housing, Agriculture & Tourism Subcommittee",17,0,0,1,18,1,"H","Development Permits and Orders","H0579",2025,"https://legiscan.com/FL/bill/H0579/2025",0.944444444444444,17,1,"N",1,1,1,1,1
1513876,1988803,"2025-2025_Regular_Session","2025-03-11","House Health Care Facilities & Systems Subcommittee",18,0,0,0,18,1,"H","Home Health Aide for Medically Fragile Children Program","H1529",2025,"https://legiscan.com/FL/bill/H1529/2025",1,18,1,"N",1,1,1,1,1
1513877,1983681,"2025-2025_Regular_Session","2025-03-11","House Student Academic Success Subcommittee",17,0,0,1,18,1,"H","Certificates of Completion","H1111",2025,"https://legiscan.com/FL/bill/H1111/2025",0.944444444444444,17,1,"N",1,1,1,1,1
1513913,1994035,"2025-2025_Regular_Session","2025-03-11","Senate Health Policy",9,1,0,0,10,1,"S","OGSR/Parental Consent Requirements Before Terminating a Pregnancy","S7018",2025,"https://legiscan.com/FL/bill/S7018/2025",0.9,10,0.9,"N",0.857142857142857,1,1,0.857142857142857,0.9
1513916,1944992,"2025-2025_Regular_Session","2025-03-11","House Natural Resources & Disasters Subcommittee",17,0,0,1,18,1,"H","Building and Plumbing Permits for the Use of Onsite Sewage Treatment and Disposal Systems","H0287",2025,"https://legiscan.com/FL/bill/H0287/2025",0.944444444444444,17,1,"N",1,1,1,1,1
1513942,1956553,"2025-2025_Regular_Session","2025-03-11","Senate Environment and Natural Resources",8,1,0,0,9,1,"S","Mitigation Banking","S0492",2025,"https://legiscan.com/FL/bill/S0492/2025",0.888888888888889,9,0.888888888888889,"N",1,0.666666666666667,0.666666666666667,1,0.888888888888889
1513955,1967478,"2025-2025_Regular_Session","2025-03-11","Senate Health Policy",9,1,0,0,10,1,"S","Storage and Disposal of Prescription Drugs and Sharps","S0668",2025,"https://legiscan.com/FL/bill/S0668/2025",0.9,10,0.9,"N",1,0.666666666666667,0.666666666666667,1,0.9
1513979,1987729,"2025-2025_Regular_Session","2025-03-10","Senate Education Postsecondary",5,0,0,2,7,1,"S","Higher Education","S1624",2025,"https://legiscan.com/FL/bill/S1624/2025",0.714285714285714,5,1,"N",1,NA,NA,NA,NA
1514021,1987792,"2025-2025_Regular_Session","2025-03-11","Senate Education Pre-K - 12",9,0,0,0,9,1,"S","Prekindergarten Through Grade 12 Education","S1618",2025,"https://legiscan.com/FL/bill/S1618/2025",1,9,1,"N",1,1,1,1,1
1514037,1980686,"2025-2025_Regular_Session","2025-03-11","House Student Academic Success Subcommittee",17,0,0,1,18,1,"H","Required Instruction in Cursive Writing","H0921",2025,"https://legiscan.com/FL/bill/H0921/2025",0.944444444444444,17,1,"N",1,1,1,1,1
1514044,1975689,"2025-2025_Regular_Session","2025-03-11","Senate Governmental Oversight and Accountability",6,1,0,1,8,1,"S","Coverage for Fertility Preservation Services","S0924",2025,"https://legiscan.com/FL/bill/S0924/2025",0.75,7,0.857142857142857,"N",0.8,1,1,0.8,0.857142857142857
1514140,1951899,"2025-2025_Regular_Session","2025-03-11","Senate Governmental Oversight and Accountability",7,0,0,1,8,1,"S","OGSR/Site-specific Location Information for Endangered and Threatened Species","S7000",2025,"https://legiscan.com/FL/bill/S7000/2025",0.875,7,1,"N",1,1,1,1,1
1514150,1940859,"2025-2025_Regular_Session","2025-03-11","House Housing, Agriculture & Tourism Subcommittee",15,2,0,1,18,1,"H","Affordable Housing","H0247",2025,"https://legiscan.com/FL/bill/H0247/2025",0.833333333333333,17,0.882352941176471,"N",1,0.5,NA,1,1
1514223,1971008,"2025-2025_Regular_Session","2025-03-11","Senate Health Policy",10,0,0,0,10,1,"S","Preventing the Spread of Avian Influenza","S0762",2025,"https://legiscan.com/FL/bill/S0762/2025",1,10,1,"N",1,1,1,1,1
1514250,1976646,"2025-2025_Regular_Session","2025-03-11","House Health Care Facilities & Systems Subcommittee",18,0,0,0,18,1,"H","Surrendered Infants","H0791",2025,"https://legiscan.com/FL/bill/H0791/2025",1,18,1,"N",1,1,1,1,1
1514281,1969535,"2025-2025_Regular_Session","2025-03-11","Senate Agriculture",6,0,0,0,6,1,"S","Department of Agriculture and Consumer Services","S0700",2025,"https://legiscan.com/FL/bill/S0700/2025",1,6,1,"N",1,1,1,1,1
1514354,1963449,"2025-2025_Regular_Session","2025-03-11","House Health Care Facilities & Systems Subcommittee",18,0,0,0,18,1,"H","Nonprofit Agricultural Organization Medical Benefit Plans","H0497",2025,"https://legiscan.com/FL/bill/H0497/2025",1,18,1,"N",1,1,1,1,1
1514387,1942015,"2025-2025_Regular_Session","2025-03-11","House Student Academic Success Subcommittee",16,0,0,2,18,1,"H","Holocaust Remembrance Day","H0251",2025,"https://legiscan.com/FL/bill/H0251/2025",0.888888888888889,16,1,"N",1,1,1,1,1
1514466,1967393,"2025-2025_Regular_Session","2025-03-11","House Natural Resources & Disasters Subcommittee",13,5,0,0,18,1,"H","Regulation of Auxiliary Containers","H0565",2025,"https://legiscan.com/FL/bill/H0565/2025",0.722222222222222,18,0.722222222222222,"N",1,0,1,1,1
1514467,1974703,"2025-2025_Regular_Session","2025-03-11","House Natural Resources & Disasters Subcommittee",18,0,0,0,18,1,"H","Water Access Facilities","H0735",2025,"https://legiscan.com/FL/bill/H0735/2025",1,18,1,"N",1,1,1,1,1
1514577,1957008,"2025-2025_Regular_Session","2025-03-11","House Student Academic Success Subcommittee",17,0,0,1,18,1,"H","Family Empowerment Scholarship Program","H0423",2025,"https://legiscan.com/FL/bill/H0423/2025",0.944444444444444,17,1,"N",1,1,1,1,1
1514614,1985637,"2025-2025_Regular_Session","2025-03-11","Senate Education Pre-K - 12",9,0,0,0,9,1,"S","School Safety","S1470",2025,"https://legiscan.com/FL/bill/S1470/2025",1,9,1,"N",1,1,1,1,1
1514625,1942091,"2025-2025_Regular_Session","2025-03-11","Senate Education Pre-K - 12",6,2,0,1,9,1,"S","Health Screenings for K-12 Students","S0370",2025,"https://legiscan.com/FL/bill/S0370/2025",0.666666666666667,8,0.75,"N",0.6,1,1,0.6,0.75
1514627,1981161,"2025-2025_Regular_Session","2025-03-11","Senate Criminal Justice",9,0,0,0,9,1,"S","Tampering with an Electronic Monitoring Device","S1054",2025,"https://legiscan.com/FL/bill/S1054/2025",1,9,1,"N",1,1,1,1,1
1514660,1983455,"2025-2025_Regular_Session","2025-03-11","Senate Criminal Justice",9,0,0,0,9,1,"S","Installation or Use of Tracking Devices or Applications","S1168",2025,"https://legiscan.com/FL/bill/S1168/2025",1,9,1,"N",1,1,1,1,1
1514673,1967372,"2025-2025_Regular_Session","2025-03-11","House Government Operations Subcommittee",13,4,0,1,18,1,"H","The Designation of the Gulf of Mexico","H0575",2025,"https://legiscan.com/FL/bill/H0575/2025",0.722222222222222,17,0.764705882352941,"N",1,0.2,0.8,1,0.941176470588235
1514678,1956827,"2025-2025_Regular_Session","2025-03-11","Senate Education Pre-K - 12",9,0,0,0,9,1,"S","Family Empowerment Scholarship Program","S0508",2025,"https://legiscan.com/FL/bill/S0508/2025",1,9,1,"N",1,1,1,1,1
1514704,1970297,"2025-2025_Regular_Session","2025-03-11","Senate Environment and Natural Resources",9,0,0,0,9,1,"S","Brownfields","S0736",2025,"https://legiscan.com/FL/bill/S0736/2025",1,9,1,"N",1,1,1,1,1
1514765,1980979,"2025-2025_Regular_Session","2025-03-11","Senate Criminal Justice",9,0,0,0,9,1,"S","Fines for Public Nuisance Abatement","S1022",2025,"https://legiscan.com/FL/bill/S1022/2025",1,9,1,"N",1,1,1,1,1
1514767,1981374,"2025-2025_Regular_Session","2025-03-11","Senate Education Pre-K - 12",8,0,0,1,9,1,"S","Electrocardiograms for Student Athletes","S1070",2025,"https://legiscan.com/FL/bill/S1070/2025",0.888888888888889,8,1,"N",1,1,1,1,1
1514768,1982573,"2025-2025_Regular_Session","2025-03-11","House Housing, Agriculture & Tourism Subcommittee",18,0,0,0,18,1,"H","Real Property and Condominium Flood Disclosures","H1015",2025,"https://legiscan.com/FL/bill/H1015/2025",1,18,1,"N",1,1,1,1,1
1514820,1985733,"2025-2025_Regular_Session","2025-03-11","Senate Education Pre-K - 12",7,2,0,0,9,1,"S","Public Records/School Security Guards","S1472",2025,"https://legiscan.com/FL/bill/S1472/2025",0.777777777777778,9,0.777777777777778,"N",0.833333333333333,0.666666666666667,0.666666666666667,0.833333333333333,0.777777777777778
1514899,1980682,"2025-2025_Regular_Session","2025-03-11","House Housing, Agriculture & Tourism Subcommittee",18,0,0,0,18,1,"H","Condominium Associations","H0913",2025,"https://legiscan.com/FL/bill/H0913/2025",1,18,1,"N",1,1,1,1,1
1514983,1979128,"2025-2025_Regular_Session","2025-03-11","Senate Agriculture",6,0,0,0,6,1,"S","Hunger-Free Campus Pilot Program","S0980",2025,"https://legiscan.com/FL/bill/S0980/2025",1,6,1,"N",1,1,1,1,1
1515087,1985146,"2025-2025_Regular_Session","2025-03-11","Senate Agriculture",6,0,0,0,6,1,"S","Agronomic Study on Emerging Crops","S0178",2025,"https://legiscan.com/FL/bill/S0178/2025",1,6,1,"N",1,1,1,1,1
1515106,1918478,"2025-2025_Regular_Session","2025-03-11","Senate Education Pre-K - 12",9,0,0,0,9,1,"S","Student Participation in Interscholastic and Intrascholastic Extracurricular Sports","S0248",2025,"https://legiscan.com/FL/bill/S0248/2025",1,9,1,"N",1,1,1,1,1
1515225,1988857,"2025-2025_Regular_Session","2025-03-11","House Government Operations Subcommittee",17,0,0,1,18,1,"H","Public Officers and Employees","H1445",2025,"https://legiscan.com/FL/bill/H1445/2025",0.944444444444444,17,1,"N",1,1,1,1,1
1515241,1962260,"2025-2025_Regular_Session","2025-03-11","House Natural Resources & Disasters Subcommittee",18,0,0,0,18,1,"H","Anchoring Limitation Areas","H0481",2025,"https://legiscan.com/FL/bill/H0481/2025",1,18,1,"N",1,1,1,1,1
1515316,1970101,"2025-2025_Regular_Session","2025-03-11","Senate Education Pre-K - 12",8,0,0,1,9,1,"S","International Baccalaureate Bonus Funding","S0754",2025,"https://legiscan.com/FL/bill/S0754/2025",0.888888888888889,8,1,"N",1,1,1,1,1
1515341,1982781,"2025-2025_Regular_Session","2025-03-11","Senate Environment and Natural Resources",9,0,0,0,9,1,"S","Spring Restoration","S1228",2025,"https://legiscan.com/FL/bill/S1228/2025",1,9,1,"N",1,1,1,1,1
1515400,1983230,"2025-2025_Regular_Session","2025-03-11","Senate Environment and Natural Resources",9,0,0,0,9,1,"S","Water Access Facilities","S1162",2025,"https://legiscan.com/FL/bill/S1162/2025",1,9,1,"N",1,1,1,1,1
1515413,1974993,"2025-2025_Regular_Session","2025-03-11","Senate Criminal Justice",9,0,0,0,9,1,"S","Probation for Misdemeanor Offenses","S0878",2025,"https://legiscan.com/FL/bill/S0878/2025",1,9,1,"N",1,1,1,1,1
1515480,1977223,"2025-2025_Regular_Session","2025-03-11","Senate Criminal Justice",9,0,0,0,9,1,"S","Restrictions on Firearms and Ammunition During Emergencies","S0952",2025,"https://legiscan.com/FL/bill/S0952/2025",1,9,1,"N",1,1,1,1,1
1515633,1979680,"2025-2025_Regular_Session","2025-03-10","Senate Banking and Insurance",10,0,0,0,10,1,"S","Securities","S0988",2025,"https://legiscan.com/FL/bill/S0988/2025",1,10,1,"N",1,1,1,1,1
1515644,1951702,"2025-2025_Regular_Session","2025-03-11","Senate Community Affairs",7,0,0,1,8,1,"S","Florida Museum of Black History","S0466",2025,"https://legiscan.com/FL/bill/S0466/2025",0.875,7,1,"N",1,1,1,1,1
1515648,1954289,"2025-2025_Regular_Session","2025-03-10","Senate Banking and Insurance",10,0,0,0,10,1,"S","Nonprofit Agricultural Organization Medical Benefit Plans","S0480",2025,"https://legiscan.com/FL/bill/S0480/2025",1,10,1,"N",1,1,1,1,1
1515662,1983487,"2025-2025_Regular_Session","2025-03-11","Senate Community Affairs",7,0,0,1,8,1,"S","Assessment of Homestead Property","S0176",2025,"https://legiscan.com/FL/bill/S0176/2025",0.875,7,1,"N",1,1,1,1,1
1515663,1986578,"2025-2025_Regular_Session","2025-03-12","House Agriculture & Natural Resources Budget Subcommittee",14,0,0,1,15,1,"H","Trust Funds/Re-creation/Resilient Florida Trust Fund/DEP","H1313",2025,"https://legiscan.com/FL/bill/H1313/2025",0.933333333333333,14,1,"N",1,1,1,1,1
1515665,1970257,"2025-2025_Regular_Session","2025-03-10","Senate Banking and Insurance",9,0,0,1,10,1,"S","Health Insurance Coverage for Individuals with Developmental Disabilities","S0756",2025,"https://legiscan.com/FL/bill/S0756/2025",0.9,9,1,"N",1,1,1,1,1
1515667,1963657,"2025-2025_Regular_Session","2025-03-11","Senate Community Affairs",7,0,0,1,8,1,"S","Unlawful Demolition of Historical Buildings and Structures","S0582",2025,"https://legiscan.com/FL/bill/S0582/2025",0.875,7,1,"N",1,1,1,1,1
1515670,1921139,"2025-2025_Regular_Session","2025-03-12","Senate Judiciary",11,0,0,0,11,1,"S","Candidate Qualification","S0280",2025,"https://legiscan.com/FL/bill/S0280/2025",1,11,1,"N",1,1,1,1,1
1515671,1983005,"2025-2025_Regular_Session","2025-03-11","Senate Community Affairs",7,0,0,1,8,1,"S","Assessment of Homestead Property","S0174",2025,"https://legiscan.com/FL/bill/S0174/2025",0.875,7,1,"N",1,1,1,1,1
1515673,1973837,"2025-2025_Regular_Session","2025-03-12","Senate Judiciary",10,0,0,1,11,1,"S","Former Phosphate Mining Lands","S0832",2025,"https://legiscan.com/FL/bill/S0832/2025",0.909090909090909,10,1,"N",1,1,1,1,1
1515674,1979915,"2025-2025_Regular_Session","2025-03-11","Senate Community Affairs",6,1,0,1,8,1,"S","Utility Service Restrictions","S1002",2025,"https://legiscan.com/FL/bill/S1002/2025",0.75,7,0.857142857142857,"N",1,0.666666666666667,0.666666666666667,1,0.857142857142857
1515675,1963560,"2025-2025_Regular_Session","2025-03-12","Senate Regulated Industries",8,0,0,1,9,1,"S","Swimming Pool and Spa Contractors","S0570",2025,"https://legiscan.com/FL/bill/S0570/2025",0.888888888888889,8,1,"N",1,1,1,1,1
1515677,1964414,"2025-2025_Regular_Session","2025-03-12","Senate Regulated Industries",8,0,0,1,9,1,"S","Public Lodging and Food Service Establishments","S0606",2025,"https://legiscan.com/FL/bill/S0606/2025",0.888888888888889,8,1,"N",1,1,1,1,1
1515690,1975493,"2025-2025_Regular_Session","2025-03-12","Senate Rules",23,0,0,2,25,1,"S","Florida Statutes","S0040",2025,"https://legiscan.com/FL/bill/S0040/2025",0.92,23,1,"N",1,1,1,1,1
1515693,1983199,"2025-2025_Regular_Session","2025-03-11","Senate Community Affairs",7,0,0,1,8,1,"S","Benefits for Firefighters Injured During Training Exercises","S1202",2025,"https://legiscan.com/FL/bill/S1202/2025",0.875,7,1,"N",1,1,1,1,1
1515714,1942180,"2025-2025_Regular_Session","2025-03-12","Senate Rules",25,0,0,0,25,1,"S","Ethics","S0348",2025,"https://legiscan.com/FL/bill/S0348/2025",1,25,1,"N",1,1,1,1,1
1515715,1963419,"2025-2025_Regular_Session","2025-03-12","Senate Children, Families, and Elder Affairs",7,0,0,0,7,1,"S","Contracts for Postadoption Contact","S0558",2025,"https://legiscan.com/FL/bill/S0558/2025",1,7,1,"N",1,1,1,1,1
1515718,1983327,"2025-2025_Regular_Session","2025-03-12","Senate Judiciary",10,0,0,1,11,1,"S","Delivery of Notices from Landlords to Tenants","S1164",2025,"https://legiscan.com/FL/bill/S1164/2025",0.909090909090909,10,1,"N",1,1,1,1,1
1515723,1971107,"2025-2025_Regular_Session","2025-03-12","Senate Judiciary",11,0,0,0,11,1,"S","Electronic Transmittal of Court Orders","S0774",2025,"https://legiscan.com/FL/bill/S0774/2025",1,11,1,"N",1,1,1,1,1
1515726,1963937,"2025-2025_Regular_Session","2025-03-12","Senate Judiciary",10,0,0,1,11,1,"S","Service of Process","S0576",2025,"https://legiscan.com/FL/bill/S0576/2025",0.909090909090909,10,1,"N",1,1,1,1,1
1515728,1977285,"2025-2025_Regular_Session","2025-03-10","Senate Banking and Insurance",9,0,0,1,10,1,"S","Insurance Overpayment Claims Submitted to Psychologists","S0944",2025,"https://legiscan.com/FL/bill/S0944/2025",0.9,9,1,"N",1,1,1,1,1
1515729,1958195,"2025-2025_Regular_Session","2025-03-12","Senate Rules",25,0,0,0,25,1,"S","Veterans","S0116",2025,"https://legiscan.com/FL/bill/S0116/2025",1,25,1,"N",1,1,1,1,1
1515738,1930979,"2025-2025_Regular_Session","2025-03-12","Senate Rules",25,0,0,0,25,1,"S","Property Rights","S0322",2025,"https://legiscan.com/FL/bill/S0322/2025",1,25,1,"N",1,1,1,1,1
1515739,1897268,"2025-2025_Regular_Session","2025-03-12","Senate Judiciary",11,0,0,0,11,1,"S","Exploitation of Vulnerable Adults","S0106",2025,"https://legiscan.com/FL/bill/S0106/2025",1,11,1,"N",1,1,1,1,1
1515755,1981075,"2025-2025_Regular_Session","2025-03-12","Senate Rules",23,0,0,2,25,1,"S","Florida Statutes","S0042",2025,"https://legiscan.com/FL/bill/S0042/2025",0.92,23,1,"N",1,1,1,1,1
1515772,1892656,"2025-2025_Regular_Session","2025-03-12","Senate Rules",24,0,0,1,25,1,"S","Nature-based Methods for Improving Coastal Resilience","S0050",2025,"https://legiscan.com/FL/bill/S0050/2025",0.96,24,1,"N",1,1,1,1,1
1515774,1942235,"2025-2025_Regular_Session","2025-03-12","Senate Regulated Industries",5,2,0,2,9,1,"S","Florida Public Service Commission","S0354",2025,"https://legiscan.com/FL/bill/S0354/2025",0.555555555555556,7,0.714285714285714,"N",0.6,1,1,0.6,0.714285714285714
1515777,1964976,"2025-2025_Regular_Session","2025-03-11","Senate Community Affairs",4,3,0,1,8,0,"S","Gulf of America","S0608",2025,"https://legiscan.com/FL/bill/S0608/2025",0.5,7,0.571428571428571,"N",1,0,1,1,1
1515781,1970061,"2025-2025_Regular_Session","2025-03-12","Senate Judiciary",8,2,0,1,11,1,"S","Defamation, False Light, and Unauthorized Publication of Name or Likenesses","S0752",2025,"https://legiscan.com/FL/bill/S0752/2025",0.727272727272727,10,0.8,"N",1,0.333333333333333,0.666666666666667,1,0.9
1515782,1982339,"2025-2025_Regular_Session","2025-03-11","Senate Community Affairs",7,0,0,1,8,1,"S","Building Permits for a Single-family Dwelling","S1128",2025,"https://legiscan.com/FL/bill/S1128/2025",0.875,7,1,"N",1,1,1,1,1
1515797,1983633,"2025-2025_Regular_Session","2025-03-11","Senate Community Affairs",4,3,0,1,8,0,"S","Community Redevelopment Agencies","S1242",2025,"https://legiscan.com/FL/bill/S1242/2025",0.5,7,0.571428571428571,"N",1,0,1,1,1
1515803,1942300,"2025-2025_Regular_Session","2025-03-12","Senate Rules",25,0,0,0,25,1,"S","Holocaust Remembrance Day","S0356",2025,"https://legiscan.com/FL/bill/S0356/2025",1,25,1,"N",1,1,1,1,1
1515820,1927762,"2025-2025_Regular_Session","2025-03-12","Senate Rules",25,0,0,0,25,1,"S","Florida National Guard Increased Force Structure","S0314",2025,"https://legiscan.com/FL/bill/S0314/2025",1,25,1,"N",1,1,1,1,1
1515821,1897545,"2025-2025_Regular_Session","2025-03-12","Senate Rules",25,0,0,0,25,1,"S","Regulation of Presidential Libraries","S0118",2025,"https://legiscan.com/FL/bill/S0118/2025",1,25,1,"N",1,1,1,1,1
1515828,1911850,"2025-2025_Regular_Session","2025-03-11","Senate Appropriations Committee on Transportation, Tourism, and Economic Development",15,0,0,0,15,1,"S","Affordable Housing","S0184",2025,"https://legiscan.com/FL/bill/S0184/2025",1,15,1,"N",1,1,1,1,1
1515830,1915575,"2025-2025_Regular_Session","2025-03-12","Senate Regulated Industries",7,1,0,1,9,1,"S","Municipal Water and Sewer Utility Rates","S0202",2025,"https://legiscan.com/FL/bill/S0202/2025",0.777777777777778,8,0.875,"N",1,0.5,NA,1,1
1515839,1977478,"2025-2025_Regular_Session","2025-03-12","Senate Judiciary",11,0,0,0,11,1,"S","Flood Disclosures","S0948",2025,"https://legiscan.com/FL/bill/S0948/2025",1,11,1,"N",1,1,1,1,1
1515841,1976761,"2025-2025_Regular_Session","2025-03-12","Senate Regulated Industries",8,0,0,1,9,1,"S","Nonapproved Disposable Nicotine Dispensing Devices","S0928",2025,"https://legiscan.com/FL/bill/S0928/2025",0.888888888888889,8,1,"N",1,1,1,1,1
1515848,1898276,"2025-2025_Regular_Session","2025-03-12","Senate Rules",25,0,0,0,25,1,"S","Prescription Hearing Aids","S0126",2025,"https://legiscan.com/FL/bill/S0126/2025",1,25,1,"N",1,1,1,1,1
1515852,1981730,"2025-2025_Regular_Session","2025-03-10","Senate Banking and Insurance",9,0,0,1,10,1,"S","Fire Prevention","S1078",2025,"https://legiscan.com/FL/bill/S1078/2025",0.9,9,1,"N",1,1,1,1,1
1515858,1973300,"2025-2025_Regular_Session","2025-03-12","Senate Judiciary",10,0,0,1,11,1,"S","Florida Trust Code","S0806",2025,"https://legiscan.com/FL/bill/S0806/2025",0.909090909090909,10,1,"N",1,1,1,1,1
1515863,1942250,"2025-2025_Regular_Session","2025-03-12","Senate Regulated Industries",8,0,0,1,9,1,"S","State Preemption of the Regulation of Hoisting Equipment","S0346",2025,"https://legiscan.com/FL/bill/S0346/2025",0.888888888888889,8,1,"N",1,1,1,1,1
1515869,1984348,"2025-2025_Regular_Session","2025-03-12","Senate Transportation",9,0,0,0,9,1,"S","Hands-free Driving","S1318",2025,"https://legiscan.com/FL/bill/S1318/2025",1,9,1,"N",1,1,1,1,1
1515871,2000044,"2025-2025_Regular_Session","2025-03-12","Senate: Third Reading RCS#3",38,0,0,1,39,1,"S","Celebrating the Life and Legacy of Senator Geraldine F. ""Geri"" Thompson","S1856",2025,"https://legiscan.com/FL/bill/S1856/2025",0.974358974358974,38,1,"Y",1,1,1,1,1
1515891,1984179,"2025-2025_Regular_Session","2025-03-12","House Economic Infrastructure Subcommittee",18,0,0,0,18,1,"H","Preemption Over Utility Service Restrictions","H1137",2025,"https://legiscan.com/FL/bill/H1137/2025",1,18,1,"N",1,1,1,1,1
1515909,1966187,"2025-2025_Regular_Session","2025-03-12","Senate Regulated Industries",5,2,0,2,9,1,"S","Veterinary Professional Associates","S0652",2025,"https://legiscan.com/FL/bill/S0652/2025",0.555555555555556,7,0.714285714285714,"N",0.6,1,1,0.6,0.714285714285714
1515932,1963769,"2025-2025_Regular_Session","2025-03-12","Senate Regulated Industries",8,0,0,1,9,1,"S","Wine Containers","S0578",2025,"https://legiscan.com/FL/bill/S0578/2025",0.888888888888889,8,1,"N",1,1,1,1,1
1515938,1956291,"2025-2025_Regular_Session","2025-03-12","Senate Judiciary",9,2,0,0,11,1,"S","Trust Fund Interest for Purposes Approved by the Supreme Court","S0498",2025,"https://legiscan.com/FL/bill/S0498/2025",0.818181818181818,11,0.818181818181818,"N",1,0.333333333333333,0.666666666666667,1,0.909090909090909
1516071,1924116,"2025-2025_Regular_Session","2025-03-12","Senate Rules",25,0,0,0,25,1,"S","Collaborative Pharmacy Practice for Chronic Health Conditions","S0294",2025,"https://legiscan.com/FL/bill/S0294/2025",1,25,1,"N",1,1,1,1,1
1516074,1918834,"2025-2025_Regular_Session","2025-03-11","Senate Community Affairs",7,0,0,1,8,1,"S","Trusts","S0262",2025,"https://legiscan.com/FL/bill/S0262/2025",0.875,7,1,"N",1,1,1,1,1
1516093,1903465,"2025-2025_Regular_Session","2025-03-12","Senate Rules",25,0,0,0,25,1,"S","Abandoning Restrained Dogs During Natural Disasters","S0150",2025,"https://legiscan.com/FL/bill/S0150/2025",1,25,1,"N",1,1,1,1,1
1516106,1909517,"2025-2025_Regular_Session","2025-03-12","Senate Rules",24,0,0,1,25,1,"S","Public Accountancy","S0160",2025,"https://legiscan.com/FL/bill/S0160/2025",0.96,24,1,"N",1,1,1,1,1
1516107,1975596,"2025-2025_Regular_Session","2025-03-12","Senate Rules",24,0,0,1,25,1,"S","Florida Statutes","S0038",2025,"https://legiscan.com/FL/bill/S0038/2025",0.96,24,1,"N",1,1,1,1,1
1516115,1977909,"2025-2025_Regular_Session","2025-03-12","House Economic Infrastructure Subcommittee",18,0,0,0,18,1,"H","Indemnification and Insurance Obligations of Commuter Rail Transportation Providers","H0867",2025,"https://legiscan.com/FL/bill/H0867/2025",1,18,1,"N",1,1,1,1,1
1516128,1973541,"2025-2025_Regular_Session","2025-03-12","House Economic Infrastructure Subcommittee",18,0,0,0,18,1,"H","Utility Relocation","H0703",2025,"https://legiscan.com/FL/bill/H0703/2025",1,18,1,"N",1,1,1,1,1
1516157,1970006,"2025-2025_Regular_Session","2025-03-12","Senate Transportation",9,0,0,0,9,1,"S","Transportation Facility Designations/Senator James A. Sebesta Memorial Highway","S0706",2025,"https://legiscan.com/FL/bill/S0706/2025",1,9,1,"N",1,1,1,1,1
1516176,1947432,"2025-2025_Regular_Session","2025-03-12","Senate Rules",25,0,0,0,25,1,"S","Administrative Procedures","S0108",2025,"https://legiscan.com/FL/bill/S0108/2025",1,25,1,"N",1,1,1,1,1
1516182,1972242,"2025-2025_Regular_Session","2025-03-12","House Criminal Justice Subcommittee",16,0,0,3,19,1,"H","Use of Tracking Devices or Applications to Commit Dangerous Crimes","H0663",2025,"https://legiscan.com/FL/bill/H0663/2025",0.842105263157895,16,1,"N",1,1,1,1,1
1516183,1943836,"2025-2025_Regular_Session","2025-03-12","House Criminal Justice Subcommittee",17,0,0,2,19,1,"H","Misuse of Emergency Communications Systems","H0279",2025,"https://legiscan.com/FL/bill/H0279/2025",0.894736842105263,17,1,"N",1,1,1,1,1
1516190,1975439,"2025-2025_Regular_Session","2025-03-12","Senate Rules",24,0,0,1,25,1,"S","Florida Statutes","S0036",2025,"https://legiscan.com/FL/bill/S0036/2025",0.96,24,1,"N",1,1,1,1,1
1516195,1988977,"2025-2025_Regular_Session","2025-03-12","House Economic Infrastructure Subcommittee",14,4,0,0,18,1,"H","Utility Services","H1523",2025,"https://legiscan.com/FL/bill/H1523/2025",0.777777777777778,18,0.777777777777778,"N",1,0.2,0.8,1,0.944444444444444
1516197,1942526,"2025-2025_Regular_Session","2025-03-12","House Criminal Justice Subcommittee",16,0,0,3,19,1,"H","Aggravated Animal Cruelty","H0255",2025,"https://legiscan.com/FL/bill/H0255/2025",0.842105263157895,16,1,"N",1,1,1,1,1
1516219,1982314,"2025-2025_Regular_Session","2025-03-12","House Criminal Justice Subcommittee",16,1,0,2,19,1,"H","Carrying of Handguns or Weapons by Law Enforcement Officers Attending Athletic Events","H1021",2025,"https://legiscan.com/FL/bill/H1021/2025",0.842105263157895,17,0.941176470588235,"N",1,0.8,0.8,1,0.941176470588235
1516242,1972165,"2025-2025_Regular_Session","2025-03-12","House Intergovernmental Affairs Subcommittee",16,0,0,2,18,1,"H","Lee County","H4025",2025,"https://legiscan.com/FL/bill/H4025/2025",0.888888888888889,16,1,"N",1,1,1,1,1
1516253,1966658,"2025-2025_Regular_Session","2025-03-12","Senate Transportation",9,0,0,0,9,1,"S","Transportation Facility Designations/Harry Frisch Street","S0662",2025,"https://legiscan.com/FL/bill/S0662/2025",1,9,1,"N",1,1,1,1,1
1516272,1909031,"2025-2025_Regular_Session","2025-03-12","House Careers & Workforce Subcommittee",15,0,0,3,18,1,"H","Exceptional Student Education","H0127",2025,"https://legiscan.com/FL/bill/H0127/2025",0.833333333333333,15,1,"N",1,1,1,1,1
1516310,1967286,"2025-2025_Regular_Session","2025-03-12","House Intergovernmental Affairs Subcommittee",12,2,0,4,18,1,"H","Construction and Facilities","H0569",2025,"https://legiscan.com/FL/bill/H0569/2025",0.666666666666667,14,0.857142857142857,"N",1,0.333333333333333,0.666666666666667,1,0.928571428571429
1516316,1957959,"2025-2025_Regular_Session","2025-03-12","Senate: Third Reading RCS#2",38,0,0,1,39,1,"S","Children with Developmental Disabilities","S0112",2025,"https://legiscan.com/FL/bill/S0112/2025",0.974358974358974,38,1,"Y",1,1,1,1,1
1516331,1975073,"2025-2025_Regular_Session","2025-03-12","House Criminal Justice Subcommittee",13,5,0,1,19,1,"H","Minimum Age for Firearm Purchase or Transfer","H0759",2025,"https://legiscan.com/FL/bill/H0759/2025",0.684210526315789,18,0.722222222222222,"N",1,0,1,1,1
1516349,1976731,"2025-2025_Regular_Session","2025-03-12","House Intergovernmental Affairs Subcommittee",16,0,0,2,18,1,"H","Veteran and Spouse Nursing Home Beds","H0797",2025,"https://legiscan.com/FL/bill/H0797/2025",0.888888888888889,16,1,"N",1,1,1,1,1
1516361,1979604,"2025-2025_Regular_Session","2025-03-12","Senate Transportation",9,0,0,0,9,1,"S","Driver License Education Requirements","S0994",2025,"https://legiscan.com/FL/bill/S0994/2025",1,9,1,"N",1,1,1,1,1
1516362,1973683,"2025-2025_Regular_Session","2025-03-12","House Intergovernmental Affairs Subcommittee",16,0,0,2,18,1,"H","City of Oviedo, Seminole County","H4031",2025,"https://legiscan.com/FL/bill/H4031/2025",0.888888888888889,16,1,"N",1,1,1,1,1
1516366,1976248,"2025-2025_Regular_Session","2025-03-12","House Criminal Justice Subcommittee",17,0,0,2,19,1,"H","Offenses Involving Children","H0777",2025,"https://legiscan.com/FL/bill/H0777/2025",0.894736842105263,17,1,"N",1,1,1,1,1
1516370,1894920,"2025-2025_Regular_Session","2025-03-12","House Intergovernmental Affairs Subcommittee",16,0,0,2,18,1,"H","Municipal Water and Sewer Utility Rates","H0011",2025,"https://legiscan.com/FL/bill/H0011/2025",0.888888888888889,16,1,"N",1,1,1,1,1
1516397,1958912,"2025-2025_Regular_Session","2025-03-12","House Criminal Justice Subcommittee",15,0,0,4,19,1,"H","Background Screening of Athletic Coaches","H0431",2025,"https://legiscan.com/FL/bill/H0431/2025",0.789473684210526,15,1,"N",1,1,1,1,1
1516419,1942124,"2025-2025_Regular_Session","2025-03-12","House Criminal Justice Subcommittee",17,0,0,2,19,1,"H","Offenses Involving Motor Vehicles","H0253",2025,"https://legiscan.com/FL/bill/H0253/2025",0.894736842105263,17,1,"N",1,1,1,1,1
1516434,1972091,"2025-2025_Regular_Session","2025-03-12","House Intergovernmental Affairs Subcommittee",15,0,0,3,18,1,"H","Unrated Bonds","H0669",2025,"https://legiscan.com/FL/bill/H0669/2025",0.833333333333333,15,1,"N",1,1,1,1,1
1516436,1988190,"2025-2025_Regular_Session","2025-03-12","House Intergovernmental Affairs Subcommittee",16,0,0,2,18,1,"H","City of Coral Springs and City of Parkland, Broward County","H4071",2025,"https://legiscan.com/FL/bill/H4071/2025",0.888888888888889,16,1,"N",1,1,1,1,1
1516455,1975058,"2025-2025_Regular_Session","2025-03-12","House Intergovernmental Affairs Subcommittee",15,0,0,3,18,1,"H","Unlawful Demolition of Historical Buildings and Structures","H0717",2025,"https://legiscan.com/FL/bill/H0717/2025",0.833333333333333,15,1,"N",1,1,1,1,1
1516468,1990100,"2025-2025_Regular_Session","2025-03-12","House Intergovernmental Affairs Subcommittee",16,0,0,2,18,1,"H","Duval County","H4053",2025,"https://legiscan.com/FL/bill/H4053/2025",0.888888888888889,16,1,"N",1,1,1,1,1
1516471,1958878,"2025-2025_Regular_Session","2025-03-12","House Criminal Justice Subcommittee",17,1,0,1,19,1,"H","Tampering with an Electronic Monitoring Device","H0437",2025,"https://legiscan.com/FL/bill/H0437/2025",0.894736842105263,18,0.944444444444444,"N",1,0.8,0.8,1,0.944444444444444
1516476,1972025,"2025-2025_Regular_Session","2025-03-12","House Criminal Justice Subcommittee",16,0,0,3,19,1,"H","Aggravating Factors for Capital Felonies","H0653",2025,"https://legiscan.com/FL/bill/H0653/2025",0.842105263157895,16,1,"N",1,1,1,1,1
1516486,1982943,"2025-2025_Regular_Session","2025-03-12","House Intergovernmental Affairs Subcommittee",15,0,0,3,18,1,"H","Veterans","H1043",2025,"https://legiscan.com/FL/bill/H1043/2025",0.833333333333333,15,1,"N",1,1,1,1,1
1516491,1977580,"2025-2025_Regular_Session","2025-03-12","House Criminal Justice Subcommittee",16,0,0,3,19,1,"H","Veterans Affairs","H0845",2025,"https://legiscan.com/FL/bill/H0845/2025",0.842105263157895,16,1,"N",1,1,1,1,1
1516493,1973193,"2025-2025_Regular_Session","2025-03-12","House Intergovernmental Affairs Subcommittee",16,0,0,2,18,1,"H","Greater Naples Fire Rescue District; Collier County","H4029",2025,"https://legiscan.com/FL/bill/H4029/2025",0.888888888888889,16,1,"N",1,1,1,1,1
1516496,1967535,"2025-2025_Regular_Session","2025-03-12","House Careers & Workforce Subcommittee",15,0,0,3,18,1,"H","Career Planning Opportunities for Students","H0571",2025,"https://legiscan.com/FL/bill/H0571/2025",0.833333333333333,15,1,"N",1,1,1,1,1
1516498,1971907,"2025-2025_Regular_Session","2025-03-12","House Intergovernmental Affairs Subcommittee",15,0,0,3,18,1,"H","North River Ranch Improvement Stewardship District, Manatee County","H4021",2025,"https://legiscan.com/FL/bill/H4021/2025",0.833333333333333,15,1,"N",1,1,1,1,1
1516503,1984383,"2025-2025_Regular_Session","2025-03-12","House Careers & Workforce Subcommittee",16,0,0,2,18,1,"H","Workforce Education","H1145",2025,"https://legiscan.com/FL/bill/H1145/2025",0.888888888888889,16,1,"N",1,1,1,1,1
1516513,1968600,"2025-2025_Regular_Session","2025-03-12","House Intergovernmental Affairs Subcommittee",16,0,0,2,18,1,"H","Broward County Narcotics and Dangerous Drug Intelligence and Enforcement Unit, Broward County","H4015",2025,"https://legiscan.com/FL/bill/H4015/2025",0.888888888888889,16,1,"N",1,1,1,1,1
1516521,1940388,"2025-2025_Regular_Session","2025-03-12","House Intergovernmental Affairs Subcommittee",16,0,0,2,18,1,"H","Health Facilities","H0229",2025,"https://legiscan.com/FL/bill/H0229/2025",0.888888888888889,16,1,"N",1,1,1,1,1
1516525,1981949,"2025-2025_Regular_Session","2025-03-12","House Economic Infrastructure Subcommittee",17,0,0,1,18,1,"H","Transportation Facility Designations","H0987",2025,"https://legiscan.com/FL/bill/H0987/2025",0.944444444444444,17,1,"N",1,1,1,1,1
1516550,1941208,"2025-2025_Regular_Session","2025-03-12","House Criminal Justice Subcommittee",15,0,0,4,19,1,"H","Pub. Rec./Medical Examiners","H0231",2025,"https://legiscan.com/FL/bill/H0231/2025",0.789473684210526,15,1,"N",1,1,1,1,1
1516739,1978070,"2025-2025_Regular_Session","2025-03-12","House Criminal Justice Subcommittee",15,3,0,1,19,1,"H","Restrictions on Firearms and Ammunition During Emergencies","H6025",2025,"https://legiscan.com/FL/bill/H6025/2025",0.789473684210526,18,0.833333333333333,"N",1,0.4,0.6,1,0.888888888888889
1516791,1958304,"2025-2025_Regular_Session","2025-03-12","House Industries & Professional Activities Subcommittee",15,1,0,2,18,1,"H","Motor Vehicle Manufacturers and Franchised Motor Vehicle Dealers","H0429",2025,"https://legiscan.com/FL/bill/H0429/2025",0.833333333333333,16,0.9375,"N",0.916666666666667,1,1,0.916666666666667,0.9375
1516792,1956354,"2025-2025_Regular_Session","2025-03-12","House Industries & Professional Activities Subcommittee",16,0,0,2,18,1,"H","Limited Liability Companies","H0403",2025,"https://legiscan.com/FL/bill/H0403/2025",0.888888888888889,16,1,"N",1,1,1,1,1
1516800,1973157,"2025-2025_Regular_Session","2025-03-12","House Industries & Professional Activities Subcommittee",16,1,0,1,18,1,"H","Construction Regulations","H0683",2025,"https://legiscan.com/FL/bill/H0683/2025",0.888888888888889,17,0.941176470588235,"N",1,0.8,0.8,1,0.941176470588235
1516802,1919665,"2025-2025_Regular_Session","2025-03-12","Senate Transportation",9,0,0,0,9,1,"S","Tax of Electric Vertical Takeoff and Landing Aircraft","S0266",2025,"https://legiscan.com/FL/bill/S0266/2025",1,9,1,"N",1,1,1,1,1
1516808,1965049,"2025-2025_Regular_Session","2025-03-12","House Industries & Professional Activities Subcommittee",17,0,0,1,18,1,"H","Fire Prevention","H0551",2025,"https://legiscan.com/FL/bill/H0551/2025",0.944444444444444,17,1,"N",1,1,1,1,1
1516828,1987597,"2025-2025_Regular_Session","2025-03-13","Senate Fiscal Policy",18,0,0,1,19,1,"S","Child Welfare","S7012",2025,"https://legiscan.com/FL/bill/S7012/2025",0.947368421052632,18,1,"N",1,1,1,1,1
1516834,1963881,"2025-2025_Regular_Session","2025-03-12","House Industries & Professional Activities Subcommittee",15,0,0,3,18,1,"H","Location of Equipment Owned by Amusement Business Owner","H0505",2025,"https://legiscan.com/FL/bill/H0505/2025",0.833333333333333,15,1,"N",1,1,1,1,1
1516837,1948410,"2025-2025_Regular_Session","2025-03-13","House Ways & Means Committee",18,0,0,1,19,1,"H","Ad Valorem Tax Exemption for Nonprofit Homes for the Aged","H0321",2025,"https://legiscan.com/FL/bill/H0321/2025",0.947368421052632,18,1,"N",1,1,1,1,1
1516845,1976793,"2025-2025_Regular_Session","2025-03-13","House Ways & Means Committee",17,1,0,1,19,1,"H","Heated Tobacco Products","H0785",2025,"https://legiscan.com/FL/bill/H0785/2025",0.894736842105263,18,0.944444444444444,"N",1,0.8,0.8,1,0.944444444444444
1516853,1965119,"2025-2025_Regular_Session","2025-03-12","House Industries & Professional Activities Subcommittee",10,5,0,3,18,1,"H","Minimum Wage Requirements","H0541",2025,"https://legiscan.com/FL/bill/H0541/2025",0.555555555555556,15,0.666666666666667,"N",0.909090909090909,0,1,0.909090909090909,0.933333333333333
1516854,1987815,"2025-2025_Regular_Session","2025-03-12","Senate Children, Families, and Elder Affairs",7,0,0,0,7,1,"S","Child Welfare","S1626",2025,"https://legiscan.com/FL/bill/S1626/2025",1,7,1,"N",1,1,1,1,1
1516874,1918894,"2025-2025_Regular_Session","2025-03-13","House Ways & Means Committee",19,0,0,0,19,1,"H","Ad Valorem Property Tax Exemption for the Surviving Spouse of Quadriplegics","H0163",2025,"https://legiscan.com/FL/bill/H0163/2025",1,19,1,"N",1,1,1,1,1
1516876,1918948,"2025-2025_Regular_Session","2025-03-13","House Ways & Means Committee",19,0,0,0,19,1,"H","Tax Exemptions for Surviving Spouses of Quadriplegics","H0165",2025,"https://legiscan.com/FL/bill/H0165/2025",1,19,1,"N",1,1,1,1,1
1516881,1974755,"2025-2025_Regular_Session","2025-03-12","House Industries & Professional Activities Subcommittee",16,0,0,2,18,1,"H","Roofing Services","H0715",2025,"https://legiscan.com/FL/bill/H0715/2025",0.888888888888889,16,1,"N",1,1,1,1,1
1516882,1964238,"2025-2025_Regular_Session","2025-03-11","Senate Appropriations Committee on Transportation, Tourism, and Economic Development",15,0,0,0,15,1,"S","Manufacturing","S0600",2025,"https://legiscan.com/FL/bill/S0600/2025",1,15,1,"N",1,1,1,1,1
1516883,1975386,"2025-2025_Regular_Session","2025-03-13","Senate Fiscal Policy",19,0,0,0,19,1,"S","Rural Communities","S0110",2025,"https://legiscan.com/FL/bill/S0110/2025",1,19,1,"N",1,1,1,1,1
1516884,1909031,"2025-2025_Regular_Session","2025-03-12","House Careers & Workforce Subcommittee",15,0,0,3,18,1,"H","Exceptional Student Education","H0127",2025,"https://legiscan.com/FL/bill/H0127/2025",0.833333333333333,15,1,"N",1,1,1,1,1
1516906,1942214,"2025-2025_Regular_Session","2025-03-12","Senate Transportation",9,0,0,0,9,1,"S","Unlawful Speed","S0350",2025,"https://legiscan.com/FL/bill/S0350/2025",1,9,1,"N",1,1,1,1,1
1516908,1975043,"2025-2025_Regular_Session","2025-03-12","Senate Transportation",9,0,0,0,9,1,"S","Price Controls for the Storage of Electric Vehicles","S0872",2025,"https://legiscan.com/FL/bill/S0872/2025",1,9,1,"N",1,1,1,1,1
1516910,1963968,"2025-2025_Regular_Session","2025-03-13","House Ways & Means Committee",14,5,0,0,19,1,"H","Local Business Taxes","H0503",2025,"https://legiscan.com/FL/bill/H0503/2025",0.736842105263158,19,0.736842105263158,"N",1,0,1,1,1
1516949,1927986,"2025-2025_Regular_Session","2025-03-12","Senate Children, Families, and Elder Affairs",5,0,0,2,7,1,"S","Specific Medical Diagnoses in Child Protective Investigations","S0304",2025,"https://legiscan.com/FL/bill/S0304/2025",0.714285714285714,5,1,"N",1,1,1,1,1
1516976,1901151,"2025-2025_Regular_Session","2025-03-13","House Judiciary Committee",20,0,0,3,23,1,"H","Probation for Misdemeanor Offenses","H0091",2025,"https://legiscan.com/FL/bill/H0091/2025",0.869565217391304,20,1,"N",1,1,1,1,1
1516995,1964835,"2025-2025_Regular_Session","2025-03-12","Senate Transportation",9,0,0,0,9,1,"S","Boating Safety","S0628",2025,"https://legiscan.com/FL/bill/S0628/2025",1,9,1,"N",1,1,1,1,1
1517006,1983278,"2025-2025_Regular_Session","2025-03-12","Senate Children, Families, and Elder Affairs",7,0,0,0,7,1,"S","Licensure of Family Foster Homes","S1174",2025,"https://legiscan.com/FL/bill/S1174/2025",1,7,1,"N",1,1,1,1,1
1517007,1967535,"2025-2025_Regular_Session","2025-03-12","House Careers & Workforce Subcommittee",15,0,0,3,18,1,"H","Career Planning Opportunities for Students","H0571",2025,"https://legiscan.com/FL/bill/H0571/2025",0.833333333333333,15,1,"N",1,1,1,1,1
1517010,1966263,"2025-2025_Regular_Session","2025-03-12","Senate Transportation",9,0,0,0,9,1,"S","Hazardous Walking Conditions","S0650",2025,"https://legiscan.com/FL/bill/S0650/2025",1,9,1,"N",1,1,1,1,1
1517011,1984383,"2025-2025_Regular_Session","2025-03-12","House Careers & Workforce Subcommittee",16,0,0,2,18,1,"H","Workforce Education","H1145",2025,"https://legiscan.com/FL/bill/H1145/2025",0.888888888888889,16,1,"N",1,1,1,1,1
1517027,1962096,"2025-2025_Regular_Session","2025-03-13","House Judiciary Committee",21,0,0,2,23,1,"H","Leaving the Scene of a Crash Involving Only Damage to Vehicle or Property","H0479",2025,"https://legiscan.com/FL/bill/H0479/2025",0.91304347826087,21,1,"N",1,1,1,1,1
1517028,1973099,"2025-2025_Regular_Session","2025-03-13","House Judiciary Committee",20,0,0,3,23,1,"H","Aggravating Factors for Capital Felonies","H0693",2025,"https://legiscan.com/FL/bill/H0693/2025",0.869565217391304,20,1,"N",1,1,1,1,1
1517031,1953605,"2025-2025_Regular_Session","2025-03-13","House Judiciary Committee",21,0,0,2,23,1,"H","Purchase and Possession of Firearms by Law Enforcement Officers, Correctional Officers, Correctional Probation Officers, and Servicemembers","H0383",2025,"https://legiscan.com/FL/bill/H0383/2025",0.91304347826087,21,1,"N",1,1,1,1,1
1517034,1957367,"2025-2025_Regular_Session","2025-03-13","House Judiciary Committee",19,0,0,4,23,1,"H","Peer Support for First Responders","H0421",2025,"https://legiscan.com/FL/bill/H0421/2025",0.826086956521739,19,1,"N",1,1,1,1,1
1517035,1970026,"2025-2025_Regular_Session","2025-03-12","Senate Children, Families, and Elder Affairs",6,0,0,1,7,1,"S","Child Care and Early Learning Providers","S0738",2025,"https://legiscan.com/FL/bill/S0738/2025",0.857142857142857,6,1,"N",1,1,1,1,1
1517037,1918297,"2025-2025_Regular_Session","2025-03-13","House Judiciary Committee",20,0,0,3,23,1,"H","Service of Process","H0157",2025,"https://legiscan.com/FL/bill/H0157/2025",0.869565217391304,20,1,"N",1,1,1,1,1
1517038,1923445,"2025-2025_Regular_Session","2025-03-13","House Judiciary Committee",19,0,0,4,23,1,"H","Abandoning Restrained Dogs During Natural Disasters","H0205",2025,"https://legiscan.com/FL/bill/H0205/2025",0.826086956521739,19,1,"N",1,1,1,1,1
1517039,1974860,"2025-2025_Regular_Session","2025-03-13","House State Affairs Committee",24,0,0,2,26,1,"H","OGSR/Financial Technology Sandbox Applications/OFR","H7003",2025,"https://legiscan.com/FL/bill/H7003/2025",0.923076923076923,24,1,"N",1,1,1,1,1
1517049,1956265,"2025-2025_Regular_Session","2025-03-13","House State Affairs Committee",20,0,0,6,26,1,"H","St. Augustine-St. Johns County Airport Authority, St. Johns County","H4009",2025,"https://legiscan.com/FL/bill/H4009/2025",0.769230769230769,20,1,"N",1,1,1,1,1
1517056,1946184,"2025-2025_Regular_Session","2025-03-12","House Industries & Professional Activities Subcommittee",17,0,0,1,18,1,"H","Elevator Accessibility Requirements","H0299",2025,"https://legiscan.com/FL/bill/H0299/2025",0.944444444444444,17,1,"N",1,1,1,1,1
1517063,1965197,"2025-2025_Regular_Session","2025-03-12","House Industries & Professional Activities Subcommittee",17,0,0,1,18,1,"H","Third-party Reservation Platforms","H0543",2025,"https://legiscan.com/FL/bill/H0543/2025",0.944444444444444,17,1,"N",1,1,1,1,1
1517064,1987737,"2025-2025_Regular_Session","2025-03-11","Senate Community Affairs",7,0,0,1,8,1,"S","Emergency Preparedness and Response","S0180",2025,"https://legiscan.com/FL/bill/S0180/2025",0.875,7,1,"N",1,1,1,1,1
1517065,1975226,"2025-2025_Regular_Session","2025-03-12","House Industries & Professional Activities Subcommittee",15,0,0,3,18,1,"H","Veterinary Professional Associates","H0729",2025,"https://legiscan.com/FL/bill/H0729/2025",0.833333333333333,15,1,"N",1,1,1,1,1
1517077,1922154,"2025-2025_Regular_Session","2025-03-13","House Judiciary Committee",21,0,0,2,23,1,"H","Education in Correctional Facilities for Licensed Professions","H0195",2025,"https://legiscan.com/FL/bill/H0195/2025",0.91304347826087,21,1,"N",1,1,1,1,1
1517099,1904632,"2025-2025_Regular_Session","2025-03-13","House Judiciary Committee",19,1,0,3,23,1,"H","Fleeing or Attempting to Elude a Law Enforcement Officer","H0113",2025,"https://legiscan.com/FL/bill/H0113/2025",0.826086956521739,20,0.95,"N",1,0.8,0.8,1,0.95
1517132,1980687,"2025-2025_Regular_Session","2025-03-13","House Health Professions & Programs Subcommittee",13,0,0,5,18,1,"H","Occupational Therapy Licensure Compact","H0909",2025,"https://legiscan.com/FL/bill/H0909/2025",0.722222222222222,13,1,"N",1,1,1,1,1
1517137,1981938,"2025-2025_Regular_Session","2025-03-13","House State Affairs Committee",17,8,0,1,26,1,"H","Community Redevelopment Agencies","H0991",2025,"https://legiscan.com/FL/bill/H0991/2025",0.653846153846154,25,0.68,"N",0.944444444444444,0,1,0.944444444444444,0.96
1517146,1965140,"2025-2025_Regular_Session","2025-03-13","House Education & Employment Committee",16,2,0,4,22,1,"H","Gulf of America","H0549",2025,"https://legiscan.com/FL/bill/H0549/2025",0.727272727272727,18,0.888888888888889,"N",1,0.6,0.6,1,0.888888888888889
1517191,1918360,"2025-2025_Regular_Session","2025-03-13","House Education & Employment Committee",19,0,0,3,22,1,"H","Interscholastic Activities","H0151",2025,"https://legiscan.com/FL/bill/H0151/2025",0.863636363636364,19,1,"N",1,1,1,1,1
1517215,1965086,"2025-2025_Regular_Session","2025-03-12","House Industries & Professional Activities Subcommittee",14,3,0,1,18,1,"H","Public Lodging and Public Food Service Establishments","H0535",2025,"https://legiscan.com/FL/bill/H0535/2025",0.777777777777778,17,0.823529411764706,"N",1,0.4,0.6,1,0.882352941176471
1517217,1970671,"2025-2025_Regular_Session","2025-03-13","House Civil Justice & Claims Subcommittee",18,0,0,1,19,1,"H","Relief/Eric Miles, Jr., and Jennifer Miles/South Broward Hospital District","H6525",2025,"https://legiscan.com/FL/bill/H6525/2025",0.947368421052632,18,1,"N",1,1,1,1,1
1517218,1979642,"2025-2025_Regular_Session","2025-03-13","House Health Professions & Programs Subcommittee",15,3,0,0,18,1,"H","Advanced Practice Registered Nurse Autonomous Practice","H0883",2025,"https://legiscan.com/FL/bill/H0883/2025",0.833333333333333,18,0.833333333333333,"N",0.923076923076923,0.6,0.6,0.923076923076923,0.833333333333333
1517222,1980681,"2025-2025_Regular_Session","2025-03-13","House Health Professions & Programs Subcommittee",15,0,0,3,18,1,"H","Nursing Education Programs","H0919",2025,"https://legiscan.com/FL/bill/H0919/2025",0.833333333333333,15,1,"N",1,1,1,1,1
1517248,1965336,"2025-2025_Regular_Session","2025-03-13","House Health Professions & Programs Subcommittee",14,0,0,4,18,1,"H","Administration of Controlled Substances by Paramedics","H0519",2025,"https://legiscan.com/FL/bill/H0519/2025",0.777777777777778,14,1,"N",1,1,1,1,1
1517249,1968812,"2025-2025_Regular_Session","2025-03-13","House Health Professions & Programs Subcommittee",14,0,0,4,18,1,"H","Diabetes Management In Schools","H0597",2025,"https://legiscan.com/FL/bill/H0597/2025",0.777777777777778,14,1,"N",1,1,1,1,1
1517258,1989181,"2025-2025_Regular_Session","2025-03-13","House Health Professions & Programs Subcommittee",15,0,0,3,18,1,"H","Uterine Fibroid Research Database","H1553",2025,"https://legiscan.com/FL/bill/H1553/2025",0.833333333333333,15,1,"N",1,1,1,1,1
1517277,1946009,"2025-2025_Regular_Session","2025-03-13","House State Affairs Committee",25,0,0,1,26,1,"H","Boating Safety","H0289",2025,"https://legiscan.com/FL/bill/H0289/2025",0.961538461538462,25,1,"N",1,1,1,1,1
1517298,1895792,"2025-2025_Regular_Session","2025-03-13","House Civil Justice & Claims Subcommittee",18,0,0,1,19,1,"H","Reusable Tenant Screening Reports","H0043",2025,"https://legiscan.com/FL/bill/H0043/2025",0.947368421052632,18,1,"N",1,1,1,1,1
1517311,1942733,"2025-2025_Regular_Session","2025-03-13","House State Affairs Committee",24,0,0,2,26,1,"H","Compensation for Health Care Services for Inmates in Martin County","H4007",2025,"https://legiscan.com/FL/bill/H4007/2025",0.923076923076923,24,1,"N",1,1,1,1,1
1517316,1943614,"2025-2025_Regular_Session","2025-03-13","House Civil Justice & Claims Subcommittee",15,0,0,4,19,1,"H","Postjudgment Execution Proceedings Relating to Terrorism","H0265",2025,"https://legiscan.com/FL/bill/H0265/2025",0.789473684210526,15,1,"N",1,1,1,1,1
1517339,1898294,"2025-2025_Regular_Session","2025-03-13","House State Affairs Committee",16,7,0,3,26,1,"H","Regulation of Presidential Libraries","H0069",2025,"https://legiscan.com/FL/bill/H0069/2025",0.615384615384615,23,0.695652173913043,"N",1,0,1,1,1
1517362,1989093,"2025-2025_Regular_Session","2025-03-13","House Civil Justice & Claims Subcommittee",16,1,0,2,19,1,"H","Attorney Fee Awards in Insurance Actions","H1551",2025,"https://legiscan.com/FL/bill/H1551/2025",0.842105263157895,17,0.941176470588235,"N",0.916666666666667,1,1,0.916666666666667,0.941176470588235
1517384,1901158,"2025-2025_Regular_Session","2025-03-13","House Education & Employment Committee",20,0,0,2,22,1,"H","Hazardous Walking Conditions","H0085",2025,"https://legiscan.com/FL/bill/H0085/2025",0.909090909090909,20,1,"N",1,1,1,1,1
1517402,1918102,"2025-2025_Regular_Session","2025-03-13","House Civil Justice & Claims Subcommittee",16,0,0,3,19,1,"H","Pub. Rec./Judicial Qualifications Commission Employees","H0155",2025,"https://legiscan.com/FL/bill/H0155/2025",0.842105263157895,16,1,"N",1,1,1,1,1
1517477,1967454,"2025-2025_Regular_Session","2025-03-13","House Civil Justice & Claims Subcommittee",15,0,0,4,19,1,"H","Relief/Darline Angervil and J.R./South Broward Hospital District","H6523",2025,"https://legiscan.com/FL/bill/H6523/2025",0.789473684210526,15,1,"N",1,1,1,1,1
1517488,1963800,"2025-2025_Regular_Session","2025-03-13","House Civil Justice & Claims Subcommittee",18,0,0,1,19,1,"H","Uniform Commercial Code","H0515",2025,"https://legiscan.com/FL/bill/H0515/2025",0.947368421052632,18,1,"N",1,1,1,1,1
1517494,1974849,"2025-2025_Regular_Session","2025-03-13","House Civil Justice & Claims Subcommittee",18,0,0,1,19,1,"H","Relief/J.N./Hillsborough County","H6529",2025,"https://legiscan.com/FL/bill/H6529/2025",0.947368421052632,18,1,"N",1,1,1,1,1
1517576,1970265,"2025-2025_Regular_Session","2025-03-13","House Civil Justice & Claims Subcommittee",12,4,0,3,19,1,"H","Electronic Delivery of Notices Between Landlords and Tenants","H0615",2025,"https://legiscan.com/FL/bill/H0615/2025",0.631578947368421,16,0.75,"N",1,0.2,0.8,1,0.9375
1517610,1977709,"2025-2025_Regular_Session","2025-03-13","House Insurance & Banking Subcommittee",17,0,0,1,18,1,"H","Insurance Overpayment Claims Submitted to Psychologists","H0839",2025,"https://legiscan.com/FL/bill/H0839/2025",0.944444444444444,17,1,"N",1,1,1,1,1
1517628,1948283,"2025-2025_Regular_Session","2025-03-13","House Insurance & Banking Subcommittee",17,0,0,1,18,1,"H","Virtual Currency Kiosk Businesses","H0319",2025,"https://legiscan.com/FL/bill/H0319/2025",0.944444444444444,17,1,"N",1,1,1,1,1
1517709,1983438,"2025-2025_Regular_Session","2025-03-13","House Insurance & Banking Subcommittee",16,0,0,2,18,1,"H","Insurance Research","H1097",2025,"https://legiscan.com/FL/bill/H1097/2025",0.888888888888889,16,1,"N",1,1,1,1,1
1517754,1980683,"2025-2025_Regular_Session","2025-03-13","House Health Professions & Programs Subcommittee",13,0,0,5,18,1,"H","Pub. Rec. and Meetings/Occupational Therapy Compact Commission","H0911",2025,"https://legiscan.com/FL/bill/H0911/2025",0.722222222222222,13,1,"N",1,1,1,1,1
1517755,1931432,"2025-2025_Regular_Session","2025-03-13","House Civil Justice & Claims Subcommittee",15,2,0,2,19,1,"H","Unlawful Actions Concerning Real Property","H0213",2025,"https://legiscan.com/FL/bill/H0213/2025",0.789473684210526,17,0.882352941176471,"N",1,0.6,0.6,1,0.882352941176471
1517757,1901381,"2025-2025_Regular_Session","2025-03-13","House Insurance & Banking Subcommittee",17,0,0,1,18,1,"H","Service of Process in Proceedings for Protection of Vulnerable Adults","H0097",2025,"https://legiscan.com/FL/bill/H0097/2025",0.944444444444444,17,1,"N",1,1,1,1,1
1517759,1954507,"2025-2025_Regular_Session","2025-03-13","House Insurance & Banking Subcommittee",16,0,0,2,18,1,"H","Trusts","H0385",2025,"https://legiscan.com/FL/bill/H0385/2025",0.888888888888889,16,1,"N",1,1,1,1,1
1517760,1941914,"2025-2025_Regular_Session","2025-03-13","House State Affairs Committee",23,0,0,3,26,1,"H","Florida National Guard","H4005",2025,"https://legiscan.com/FL/bill/H4005/2025",0.884615384615385,23,1,"N",1,1,1,1,1
1517762,1977248,"2025-2025_Regular_Session","2025-03-13","House Civil Justice & Claims Subcommittee",16,0,0,3,19,1,"H","Courts","H0813",2025,"https://legiscan.com/FL/bill/H0813/2025",0.842105263157895,16,1,"N",1,1,1,1,1
1517765,1964159,"2025-2025_Regular_Session","2025-03-13","House Civil Justice & Claims Subcommittee",15,0,0,4,19,1,"H","Relief/Estate of Peniel Janvier/City of Miami Beach","H6519",2025,"https://legiscan.com/FL/bill/H6519/2025",0.789473684210526,15,1,"N",1,1,1,1,1
1518292,1980681,"2025-2025_Regular_Session","2025-03-13","House Health Professions & Programs Subcommittee",15,0,0,3,18,1,"H","Nursing Education Programs","H0919",2025,"https://legiscan.com/FL/bill/H0919/2025",0.833333333333333,15,1,"N",1,1,1,1,1
1518353,1975312,"2025-2025_Regular_Session","2025-03-17","Senate Education Postsecondary",7,0,0,0,7,1,"S","Florida State University Election Law Center","S0892",2025,"https://legiscan.com/FL/bill/S0892/2025",1,7,1,"N",1,1,1,1,1
1518454,1954289,"2025-2025_Regular_Session","2025-03-17","Senate Commerce and Tourism",6,3,0,0,9,1,"S","Nonprofit Agricultural Organization Medical Benefit Plans","S0480",2025,"https://legiscan.com/FL/bill/S0480/2025",0.666666666666667,9,0.666666666666667,"N",1,0,1,1,1
1518487,1960301,"2025-2025_Regular_Session","2025-03-17","Senate Ethics and Elections",6,2,0,1,9,1,"S","Term Limits Applicable to State Representatives and State Senators","S0536",2025,"https://legiscan.com/FL/bill/S0536/2025",0.666666666666667,8,0.75,"N",0.666666666666667,1,1,0.666666666666667,0.75
1518563,1988538,"2025-2025_Regular_Session","2025-03-17","Senate Commerce and Tourism",6,3,0,0,9,1,"S","Employment Rights","S1776",2025,"https://legiscan.com/FL/bill/S1776/2025",0.666666666666667,9,0.666666666666667,"N",1,0,1,1,1
1518589,1973321,"2025-2025_Regular_Session","2025-03-17","Senate Ethics and Elections",6,2,0,1,9,1,"S","Term Limits for Members of Boards of County Commissioners and District School Boards","S0802",2025,"https://legiscan.com/FL/bill/S0802/2025",0.666666666666667,8,0.75,"N",0.666666666666667,1,1,0.666666666666667,0.75
1518591,1971493,"2025-2025_Regular_Session","2025-03-17","Senate Education Pre-K - 12",8,0,0,1,9,1,"S","Diabetes Management in Schools","S0772",2025,"https://legiscan.com/FL/bill/S0772/2025",0.888888888888889,8,1,"N",1,1,1,1,1
1518637,1988299,"2025-2025_Regular_Session","2025-03-17","Senate Commerce and Tourism",9,0,0,0,9,1,"S","Uniform Commercial Code","S1666",2025,"https://legiscan.com/FL/bill/S1666/2025",1,9,1,"N",1,1,1,1,1
1518650,1982629,"2025-2025_Regular_Session","2025-03-17","Senate Education Pre-K - 12",9,0,0,0,9,1,"S","Florida Virtual School","S1122",2025,"https://legiscan.com/FL/bill/S1122/2025",1,9,1,"N",1,1,1,1,1
1518663,1986428,"2025-2025_Regular_Session","2025-03-17","Senate Commerce and Tourism",6,3,0,0,9,1,"S","United States Sovereign Wealth Fund","S1488",2025,"https://legiscan.com/FL/bill/S1488/2025",0.666666666666667,9,0.666666666666667,"N",1,0,1,1,1
1518686,1980745,"2025-2025_Regular_Session","2025-03-17","Senate Environment and Natural Resources",8,0,0,1,9,1,"S","Waste Incineration","S1008",2025,"https://legiscan.com/FL/bill/S1008/2025",0.888888888888889,8,1,"N",1,1,1,1,1
1518692,1984810,"2025-2025_Regular_Session","2025-03-17","Senate Commerce and Tourism",9,0,0,0,9,1,"S","Removal of Altered Sexual Depictions Posted Without Consent","S1400",2025,"https://legiscan.com/FL/bill/S1400/2025",1,9,1,"N",1,1,1,1,1
1518698,1982584,"2025-2025_Regular_Session","2025-03-17","Senate Environment and Natural Resources",8,0,0,1,9,1,"S","Release of Conservation Easements","S1142",2025,"https://legiscan.com/FL/bill/S1142/2025",0.888888888888889,8,1,"N",1,1,1,1,1
1518701,1973618,"2025-2025_Regular_Session","2025-03-17","Senate Environment and Natural Resources",8,0,0,1,9,1,"S","Lost or Abandoned Property","S0830",2025,"https://legiscan.com/FL/bill/S0830/2025",0.888888888888889,8,1,"N",1,1,1,1,1
1518816,1964133,"2025-2025_Regular_Session","2025-03-17","Senate Environment and Natural Resources",8,0,0,1,9,1,"S","Anchoring or Mooring at Seaports","S0594",2025,"https://legiscan.com/FL/bill/S0594/2025",0.888888888888889,8,1,"N",1,1,1,1,1
1518840,1985165,"2025-2025_Regular_Session","2025-03-17","Senate Education Pre-K - 12",8,0,0,1,9,1,"S","Access to School Readiness Programs for Economically Disadvantaged Households","S1382",2025,"https://legiscan.com/FL/bill/S1382/2025",0.888888888888889,8,1,"N",1,1,1,1,1
1518861,1985442,"2025-2025_Regular_Session","2025-03-17","Senate Education Pre-K - 12",9,0,0,0,9,1,"S","School District Reporting Requirements","S1374",2025,"https://legiscan.com/FL/bill/S1374/2025",1,9,1,"N",1,1,1,1,1
1518863,1983149,"2025-2025_Regular_Session","2025-03-17","Senate Environment and Natural Resources",8,0,0,1,9,1,"S","Service Lateral Assessment and Rehabilitation","S1208",2025,"https://legiscan.com/FL/bill/S1208/2025",0.888888888888889,8,1,"N",1,1,1,1,1
1518875,1975755,"2025-2025_Regular_Session","2025-03-17","Senate Commerce and Tourism",6,3,0,0,9,1,"S","Employment Agreements","S0922",2025,"https://legiscan.com/FL/bill/S0922/2025",0.666666666666667,9,0.666666666666667,"N",1,0,1,1,1
1518878,1942140,"2025-2025_Regular_Session","2025-03-17","Senate Education Pre-K - 12",9,0,0,0,9,1,"S","Council on the Social Status of Black Men and Boys","S0364",2025,"https://legiscan.com/FL/bill/S0364/2025",1,9,1,"N",1,1,1,1,1
1518885,1943534,"2025-2025_Regular_Session","2025-03-17","Senate Environment and Natural Resources",8,0,0,1,9,1,"S","Annexing State-owned Lands","S0384",2025,"https://legiscan.com/FL/bill/S0384/2025",0.888888888888889,8,1,"N",1,1,1,1,1
1518925,1984595,"2025-2025_Regular_Session","2025-03-17","Senate Education Pre-K - 12",9,0,0,0,9,1,"S","Students Enrolled in Dropout Retrieval Programs","S1402",2025,"https://legiscan.com/FL/bill/S1402/2025",1,9,1,"N",1,1,1,1,1
1518974,1979222,"2025-2025_Regular_Session","2025-03-17","Senate Environment and Natural Resources",8,0,0,1,9,1,"S","Advanced Wastewater Treatment","S0978",2025,"https://legiscan.com/FL/bill/S0978/2025",0.888888888888889,8,1,"N",1,1,1,1,1
1519001,1989079,"2025-2025_Regular_Session","2025-03-17","Senate Environment and Natural Resources",5,3,0,1,9,1,"S","Regulation of Auxiliary Containers","S1822",2025,"https://legiscan.com/FL/bill/S1822/2025",0.555555555555556,8,0.625,"N",0.833333333333333,0,1,0.833333333333333,0.875
1519003,1973727,"2025-2025_Regular_Session","2025-03-17","Senate Environment and Natural Resources",8,0,0,1,9,1,"S","Recreational Fishing Vessel Licenses","S0834",2025,"https://legiscan.com/FL/bill/S0834/2025",0.888888888888889,8,1,"N",1,1,1,1,1
1519005,1982601,"2025-2025_Regular_Session","2025-03-17","Senate Environment and Natural Resources",8,0,0,1,9,1,"S","Carbon Sequestration","S1148",2025,"https://legiscan.com/FL/bill/S1148/2025",0.888888888888889,8,1,"N",1,1,1,1,1
1519021,1901497,"2025-2025_Regular_Session","2025-03-17","Senate Education Pre-K - 12",5,3,0,1,9,1,"S","Charter Schools","S0140",2025,"https://legiscan.com/FL/bill/S0140/2025",0.555555555555556,8,0.625,"N",1,0,1,1,1
1519036,1988840,"2025-2025_Regular_Session","2025-03-17","Senate Agriculture",6,0,0,0,6,1,"S","Food and Hemp Products","S0438",2025,"https://legiscan.com/FL/bill/S0438/2025",1,6,1,"N",1,1,1,1,1
1519057,1982284,"2025-2025_Regular_Session","2025-03-17","Senate Education Pre-K - 12",8,0,0,1,9,1,"S","School Readiness Program","S1102",2025,"https://legiscan.com/FL/bill/S1102/2025",0.888888888888889,8,1,"N",1,1,1,1,1
1519098,1983647,"2025-2025_Regular_Session","2025-03-17","Senate Commerce and Tourism",9,0,0,0,9,1,"S","Statewide Pawn Data Database","S1252",2025,"https://legiscan.com/FL/bill/S1252/2025",1,9,1,"N",1,1,1,1,1
1519134,1988515,"2025-2025_Regular_Session","2025-03-17","Senate Education Pre-K - 12",8,0,0,1,9,1,"S","Cardiac Emergencies","S0430",2025,"https://legiscan.com/FL/bill/S0430/2025",0.888888888888889,8,1,"N",1,1,1,1,1
1519196,1979176,"2025-2025_Regular_Session","2025-03-17","Senate Ethics and Elections",8,0,0,1,9,1,"S","Candidate Qualifying","S0982",2025,"https://legiscan.com/FL/bill/S0982/2025",0.888888888888889,8,1,"N",1,1,1,1,1
1519226,1983321,"2025-2025_Regular_Session","2025-03-17","Senate Commerce and Tourism",9,0,0,0,9,1,"S","Preferences for Veterans and Military Spouses","S1172",2025,"https://legiscan.com/FL/bill/S1172/2025",1,9,1,"N",1,1,1,1,1
1519338,1983010,"2025-2025_Regular_Session","2025-03-17","Senate Community Affairs",6,2,0,0,8,1,"S","Local Governing Authorities","S1188",2025,"https://legiscan.com/FL/bill/S1188/2025",0.75,8,0.75,"N",1,0.333333333333333,0.666666666666667,1,0.875
1519358,1969805,"2025-2025_Regular_Session","2025-03-18","Senate Appropriations Committee on Health and Human Services",8,2,0,0,10,1,"S","Actions for Recovery of Damages for Wrongful Death","S0734",2025,"https://legiscan.com/FL/bill/S0734/2025",0.8,10,0.8,"N",0.714285714285714,1,1,0.714285714285714,0.8
1519382,1966580,"2025-2025_Regular_Session","2025-03-18","Senate Appropriations Committee on Transportation, Tourism, and Economic Development",14,0,0,1,15,1,"S","Transportation Facility Designations/Heroes Memorial Overpass","S0654",2025,"https://legiscan.com/FL/bill/S0654/2025",0.933333333333333,14,1,"N",1,1,1,1,1
1519389,1983741,"2025-2025_Regular_Session","2025-03-17","Senate Community Affairs",8,0,0,0,8,1,"S","County Constitutional Officer Budget Processes","S1260",2025,"https://legiscan.com/FL/bill/S1260/2025",1,8,1,"N",1,1,1,1,1
1519394,1970257,"2025-2025_Regular_Session","2025-03-18","Senate Appropriations Committee on Health and Human Services",10,0,0,0,10,1,"S","Health Insurance Coverage for Individuals with Developmental Disabilities","S0756",2025,"https://legiscan.com/FL/bill/S0756/2025",1,10,1,"N",1,1,1,1,1
1519466,1981821,"2025-2025_Regular_Session","2025-03-17","Senate Community Affairs",6,2,0,0,8,1,"S","Local Government Land Regulation","S1080",2025,"https://legiscan.com/FL/bill/S1080/2025",0.75,8,0.75,"N",1,0.333333333333333,0.666666666666667,1,0.875
1519472,1971206,"2025-2025_Regular_Session","2025-03-18","House Natural Resources & Disasters Subcommittee",17,0,0,1,18,1,"H","Distributed Wastewater Treatment System Permits","H0645",2025,"https://legiscan.com/FL/bill/H0645/2025",0.944444444444444,17,1,"N",1,1,1,1,1
1519499,1981744,"2025-2025_Regular_Session","2025-03-18","House Natural Resources & Disasters Subcommittee",17,0,0,1,18,1,"H","Areas of Critical State Concern","H0995",2025,"https://legiscan.com/FL/bill/H0995/2025",0.944444444444444,17,1,"N",1,1,1,1,1
1519508,1976221,"2025-2025_Regular_Session","2025-03-18","House Natural Resources & Disasters Subcommittee",16,0,0,2,18,1,"H","OGSR/Disaster Recovery Assistance","H7005",2025,"https://legiscan.com/FL/bill/H7005/2025",0.888888888888889,16,1,"N",1,1,1,1,1
1519512,1902581,"2025-2025_Regular_Session","2025-03-17","House Commerce Committee",15,7,0,4,26,1,"H","Pari-mutuel Wagering","H0105",2025,"https://legiscan.com/FL/bill/H0105/2025",0.576923076923077,22,0.681818181818182,"N",0.882352941176471,0,1,0.882352941176471,0.909090909090909
1519541,1894920,"2025-2025_Regular_Session","2025-03-17","House Commerce Committee",23,0,0,3,26,1,"H","Municipal Water and Sewer Utility Rates","H0011",2025,"https://legiscan.com/FL/bill/H0011/2025",0.884615384615385,23,1,"N",1,1,1,1,1
1519542,1897172,"2025-2025_Regular_Session","2025-03-18","House Justice Budget Subcommittee",13,1,0,1,15,1,"H","Regulation of Xylazine","H0057",2025,"https://legiscan.com/FL/bill/H0057/2025",0.866666666666667,14,0.928571428571429,"N",1,0.75,0.75,1,0.928571428571429
1519549,1988622,"2025-2025_Regular_Session","2025-03-17","Senate Community Affairs",8,0,0,0,8,1,"S","Transportation Concurrency","S1738",2025,"https://legiscan.com/FL/bill/S1738/2025",1,8,1,"N",1,1,1,1,1
1519555,1972784,"2025-2025_Regular_Session","2025-03-18","House Natural Resources & Disasters Subcommittee",13,0,0,5,18,1,"H","Recreational Fishing Vessel Licenses","H0673",2025,"https://legiscan.com/FL/bill/H0673/2025",0.722222222222222,13,1,"N",1,1,1,1,1
1519557,1971879,"2025-2025_Regular_Session","2025-03-17","House Commerce Committee",24,0,0,2,26,1,"H","Pet Insurance and Wellness Programs","H0655",2025,"https://legiscan.com/FL/bill/H0655/2025",0.923076923076923,24,1,"N",1,1,1,1,1
1519558,1974923,"2025-2025_Regular_Session","2025-03-18","House Natural Resources & Disasters Subcommittee",17,0,0,1,18,1,"H","Brownfields","H0733",2025,"https://legiscan.com/FL/bill/H0733/2025",0.944444444444444,17,1,"N",1,1,1,1,1
1519559,1970800,"2025-2025_Regular_Session","2025-03-18","House Human Services Subcommittee",17,0,0,1,18,1,"H","Behavioral Health Managing Entities","H0633",2025,"https://legiscan.com/FL/bill/H0633/2025",0.944444444444444,17,1,"N",1,1,1,1,1
1519567,1983813,"2025-2025_Regular_Session","2025-03-18","House Human Services Subcommittee",17,0,0,1,18,1,"H","Services for Individuals with Developmental Disabilities","H1103",2025,"https://legiscan.com/FL/bill/H1103/2025",0.944444444444444,17,1,"N",1,1,1,1,1
1519569,1985318,"2025-2025_Regular_Session","2025-03-18","House Natural Resources & Disasters Subcommittee",12,3,0,3,18,1,"H","Mitigation Banks","H1175",2025,"https://legiscan.com/FL/bill/H1175/2025",0.666666666666667,15,0.8,"N",1,0,1,1,1
1519606,1909031,"2025-2025_Regular_Session","2025-03-18","House Human Services Subcommittee",17,0,0,1,18,1,"H","Exceptional Student Education","H0127",2025,"https://legiscan.com/FL/bill/H0127/2025",0.944444444444444,17,1,"N",1,1,1,1,1
1519637,1942081,"2025-2025_Regular_Session","2025-03-18","Senate Appropriations Committee on Agriculture, Environment, and General Government",12,0,0,1,13,1,"S","Telecommunications Access System Act of 1991","S0344",2025,"https://legiscan.com/FL/bill/S0344/2025",0.923076923076923,12,1,"N",1,1,1,1,1
1519716,1971020,"2025-2025_Regular_Session","2025-03-18","Senate Appropriations Committee on Agriculture, Environment, and General Government",12,0,0,1,13,1,"S","Vessel Accountability","S0164",2025,"https://legiscan.com/FL/bill/S0164/2025",0.923076923076923,12,1,"N",1,1,1,1,1
1519737,1945994,"2025-2025_Regular_Session","2025-03-18","Senate Appropriations Committee on Health and Human Services",10,0,0,0,10,1,"S","Awareness Program for Alzheimer's Disease and Dementia-related Disorders","S0398",2025,"https://legiscan.com/FL/bill/S0398/2025",1,10,1,"N",1,1,1,1,1
1519743,1969855,"2025-2025_Regular_Session","2025-03-18","Senate Appropriations Committee on Health and Human Services",9,0,0,1,10,1,"S","Nonopioid Advance Directives","S0714",2025,"https://legiscan.com/FL/bill/S0714/2025",0.9,9,1,"N",1,1,1,1,1
1519804,1943586,"2025-2025_Regular_Session","2025-03-18","Senate Appropriations Committee on Agriculture, Environment, and General Government",12,0,0,1,13,1,"S","Trust Funds for Wildlife Management","S0388",2025,"https://legiscan.com/FL/bill/S0388/2025",0.923076923076923,12,1,"N",1,1,1,1,1
1519821,1892690,"2025-2025_Regular_Session","2025-03-18","Senate Appropriations Committee on Agriculture, Environment, and General Government",10,2,0,1,13,1,"S","Geoengineering and Weather Modification Activities","S0056",2025,"https://legiscan.com/FL/bill/S0056/2025",0.769230769230769,12,0.833333333333333,"N",1,0.5,NA,1,1
1519871,1982361,"2025-2025_Regular_Session","2025-03-17","Senate Community Affairs",7,1,0,0,8,1,"S","Alternative Plans Review and Inspections","S1134",2025,"https://legiscan.com/FL/bill/S1134/2025",0.875,8,0.875,"N",1,0.666666666666667,0.666666666666667,1,0.875
1519908,1988884,"2025-2025_Regular_Session","2025-03-18","House Natural Resources & Disasters Subcommittee",17,0,0,1,18,1,"H","Emergencies","H1535",2025,"https://legiscan.com/FL/bill/H1535/2025",0.944444444444444,17,1,"N",1,1,1,1,1
1519924,1973452,"2025-2025_Regular_Session","2025-03-18","House Government Operations Subcommittee",14,0,0,5,19,1,"H","Noncriminal Traffic Infractions Causing Vehicle Crashes","H0699",2025,"https://legiscan.com/FL/bill/H0699/2025",0.736842105263158,14,1,"N",1,1,1,1,1
1519933,1988613,"2025-2025_Regular_Session","2025-03-17","Senate Community Affairs",5,3,0,0,8,1,"S","Official Actions of Local Governments","S0420",2025,"https://legiscan.com/FL/bill/S0420/2025",0.625,8,0.625,"N",1,0,1,1,1
1519942,1895701,"2025-2025_Regular_Session","2025-03-18","Senate Appropriations Committee on Agriculture, Environment, and General Government",12,0,0,1,13,1,"S","Motor Vehicle Safety","S0092",2025,"https://legiscan.com/FL/bill/S0092/2025",0.923076923076923,12,1,"N",1,1,1,1,1
1519977,1984383,"2025-2025_Regular_Session","2025-03-18","House Higher Education Budget Subcommittee",13,1,0,1,15,1,"H","Workforce Education","H1145",2025,"https://legiscan.com/FL/bill/H1145/2025",0.866666666666667,14,0.928571428571429,"N",1,0.75,0.75,1,0.928571428571429
1519987,1988246,"2025-2025_Regular_Session","2025-03-18","Senate Governmental Oversight and Accountability",6,2,0,0,8,1,"S","Prohibitions and Limitations on Diversity, Equity, and Inclusion and Requirements for Medical Institutions of Higher Education","S1710",2025,"https://legiscan.com/FL/bill/S1710/2025",0.75,8,0.75,"N",1,0,1,1,1
1519991,2006287,"2025-2025_Regular_Session","2025-03-18","Senate Governmental Oversight and Accountability",8,0,0,0,8,1,"S","Retirement","S7022",2025,"https://legiscan.com/FL/bill/S7022/2025",1,8,1,"N",1,1,1,1,1
1519996,1983070,"2025-2025_Regular_Session","2025-03-18","House Human Services Subcommittee",16,0,0,2,18,1,"H","Substance Abuse and Mental Health Care","H1091",2025,"https://legiscan.com/FL/bill/H1091/2025",0.888888888888889,16,1,"N",1,1,1,1,1
1520000,1988709,"2025-2025_Regular_Session","2025-03-18","Senate Criminal Justice",8,0,0,1,9,1,"S","Criminal Justice","S1732",2025,"https://legiscan.com/FL/bill/S1732/2025",0.888888888888889,8,1,"N",1,1,1,1,1
1520010,1968330,"2025-2025_Regular_Session","2025-03-18","House Student Academic Success Subcommittee",16,0,0,2,18,1,"H","Children with Developmental Disabilities","H0591",2025,"https://legiscan.com/FL/bill/H0591/2025",0.888888888888889,16,1,"N",1,1,1,1,1
1520020,1987620,"2025-2025_Regular_Session","2025-03-18","Senate Finance and Tax",4,0,0,2,6,1,"S","Tax Credits for Charitable Contributions","S0182",2025,"https://legiscan.com/FL/bill/S0182/2025",0.666666666666667,4,1,"N",1,NA,NA,NA,NA
1520051,1972281,"2025-2025_Regular_Session","2025-03-17","Senate Community Affairs",8,0,0,0,8,1,"S","Platting","S0784",2025,"https://legiscan.com/FL/bill/S0784/2025",1,8,1,"N",1,1,1,1,1
1520053,1988783,"2025-2025_Regular_Session","2025-03-18","Senate Governmental Oversight and Accountability",6,2,0,0,8,1,"S","Succession to Office of Governor, Auditing, and Government Efficiency","S1756",2025,"https://legiscan.com/FL/bill/S1756/2025",0.75,8,0.75,"N",1,0,1,1,1
1520067,1894688,"2025-2025_Regular_Session","2025-03-18","Senate Appropriations Committee on Agriculture, Environment, and General Government",12,0,0,1,13,1,"S","Peer Support for First Responders","S0086",2025,"https://legiscan.com/FL/bill/S0086/2025",0.923076923076923,12,1,"N",1,1,1,1,1
1520087,1989234,"2025-2025_Regular_Session","2025-03-18","House Human Services Subcommittee",17,0,0,1,18,1,"H","Insulin Administration by Direct Support Professionals and Relatives","H1567",2025,"https://legiscan.com/FL/bill/H1567/2025",0.944444444444444,17,1,"N",1,1,1,1,1
1520089,1988440,"2025-2025_Regular_Session","2025-03-18","Senate Criminal Justice",6,3,0,0,9,1,"S","Material that is Harmful to Minors","S1692",2025,"https://legiscan.com/FL/bill/S1692/2025",0.666666666666667,9,0.666666666666667,"N",1,0,1,1,1
1520175,1975159,"2025-2025_Regular_Session","2025-03-18","House Government Operations Subcommittee",17,0,0,2,19,1,"H","Benefits for Firefighters Injured During Training Exercises","H0749",2025,"https://legiscan.com/FL/bill/H0749/2025",0.894736842105263,17,1,"N",1,1,1,1,1
1520209,1984070,"2025-2025_Regular_Session","2025-03-18","House Student Academic Success Subcommittee",16,0,0,2,18,1,"H","Electrocardiograms for Student Athletes","H1135",2025,"https://legiscan.com/FL/bill/H1135/2025",0.888888888888889,16,1,"N",1,1,1,1,1
1520213,1985349,"2025-2025_Regular_Session","2025-03-18","Senate Criminal Justice",8,1,0,0,9,1,"S","Controlled Substances","S1360",2025,"https://legiscan.com/FL/bill/S1360/2025",0.888888888888889,9,0.888888888888889,"N",1,0.666666666666667,0.666666666666667,1,0.888888888888889
1520216,1983785,"2025-2025_Regular_Session","2025-03-18","House Student Academic Success Subcommittee",15,0,0,3,18,1,"H","Mathematics Education Requirements","H1113",2025,"https://legiscan.com/FL/bill/H1113/2025",0.833333333333333,15,1,"N",1,1,1,1,1
1520220,1984062,"2025-2025_Regular_Session","2025-03-18","Senate Criminal Justice",9,0,0,0,9,1,"S","Department of Law Enforcement","S1268",2025,"https://legiscan.com/FL/bill/S1268/2025",1,9,1,"N",1,1,1,1,1
1520231,1942015,"2025-2025_Regular_Session","2025-03-18","House Government Operations Subcommittee",17,0,0,2,19,1,"H","Holocaust Remembrance Day","H0251",2025,"https://legiscan.com/FL/bill/H0251/2025",0.894736842105263,17,1,"N",1,1,1,1,1
1520239,1972564,"2025-2025_Regular_Session","2025-03-18","House Government Operations Subcommittee",15,0,0,4,19,1,"H","Officers and Employees of North Springs Improvement District, Broward County","H4023",2025,"https://legiscan.com/FL/bill/H4023/2025",0.789473684210526,15,1,"N",1,1,1,1,1
1520241,1988264,"2025-2025_Regular_Session","2025-03-18","Senate Criminal Justice",9,0,0,0,9,1,"S","Public Records/Lethality Assessment Forms","S1640",2025,"https://legiscan.com/FL/bill/S1640/2025",1,9,1,"N",1,1,1,1,1
1520280,1974729,"2025-2025_Regular_Session","2025-03-18","House Government Operations Subcommittee",16,0,0,3,19,1,"H","Spectrum Alert","H0711",2025,"https://legiscan.com/FL/bill/H0711/2025",0.842105263157895,16,1,"N",1,1,1,1,1
1520303,1973118,"2025-2025_Regular_Session","2025-03-18","House Natural Resources & Disasters Subcommittee",16,1,0,1,18,1,"H","Spring Restoration","H0691",2025,"https://legiscan.com/FL/bill/H0691/2025",0.888888888888889,17,0.941176470588235,"N",0.916666666666667,1,1,0.916666666666667,0.941176470588235
1520323,1953805,"2025-2025_Regular_Session","2025-03-17","House Commerce Committee",24,0,0,2,26,1,"H","Home and Service Warranty Association Financial Requirements","H0367",2025,"https://legiscan.com/FL/bill/H0367/2025",0.923076923076923,24,1,"N",1,1,1,1,1
1520326,1981896,"2025-2025_Regular_Session","2025-03-18","House Human Services Subcommittee",17,0,0,1,18,1,"H","Licensure of Family Foster Homes","H0989",2025,"https://legiscan.com/FL/bill/H0989/2025",0.944444444444444,17,1,"N",1,1,1,1,1
1520328,1984840,"2025-2025_Regular_Session","2025-03-18","House Student Academic Success Subcommittee",15,0,0,3,18,1,"H","Student Online Personal Information Protection","H1223",2025,"https://legiscan.com/FL/bill/H1223/2025",0.833333333333333,15,1,"N",1,1,1,1,1
1520330,1982451,"2025-2025_Regular_Session","2025-03-18","House Government Operations Subcommittee",15,0,0,4,19,1,"H","City Pension Fund for Firefighters and Police Officers in the City of Tampa, Hillsborough County","H4045",2025,"https://legiscan.com/FL/bill/H4045/2025",0.789473684210526,15,1,"N",1,1,1,1,1
1520333,1977248,"2025-2025_Regular_Session","2025-03-18","House Justice Budget Subcommittee",14,0,0,1,15,1,"H","Courts","H0813",2025,"https://legiscan.com/FL/bill/H0813/2025",0.933333333333333,14,1,"N",1,1,1,1,1
1520335,1984338,"2025-2025_Regular_Session","2025-03-18","Senate Appropriations Committee on Agriculture, Environment, and General Government",12,0,0,1,13,1,"S","Resilient Florida Trust Fund/Department of Environmental Protection","S1320",2025,"https://legiscan.com/FL/bill/S1320/2025",0.923076923076923,12,1,"N",1,1,1,1,1
1520339,1958640,"2025-2025_Regular_Session","2025-03-18","House Government Operations Subcommittee",12,3,0,4,19,1,"H","Administrative Procedures","H0433",2025,"https://legiscan.com/FL/bill/H0433/2025",0.631578947368421,15,0.8,"N",1,0.25,0.75,1,0.933333333333333
1520341,1957846,"2025-2025_Regular_Session","2025-03-17","House Commerce Committee",22,0,0,4,26,1,"H","Limitation of Size of Individual Wine Containers","H6015",2025,"https://legiscan.com/FL/bill/H6015/2025",0.846153846153846,22,1,"N",1,1,1,1,1
1520381,2006597,"2025-2025_Regular_Session","2025-03-18","Senate Governmental Oversight and Accountability",8,0,0,0,8,1,"S","OGSR/Agency Cybersecurity Information","S7020",2025,"https://legiscan.com/FL/bill/S7020/2025",1,8,1,"N",1,1,1,1,1
1520425,1988472,"2025-2025_Regular_Session","2025-03-18","Senate Governmental Oversight and Accountability",8,0,0,0,8,1,"S","Entities that Boycott Israel","S1678",2025,"https://legiscan.com/FL/bill/S1678/2025",1,8,1,"N",1,1,1,1,1
1520430,1988227,"2025-2025_Regular_Session","2025-03-18","Senate Criminal Justice",9,0,0,0,9,1,"S","Registration of Sexual Predators and Sexual Offenders","S1654",2025,"https://legiscan.com/FL/bill/S1654/2025",1,9,1,"N",1,1,1,1,1
1520451,1989143,"2025-2025_Regular_Session","2025-03-18","Senate Criminal Justice",9,0,0,0,9,1,"S","Tampering With, Harassing, or Retaliating Against Court Officials","S1838",2025,"https://legiscan.com/FL/bill/S1838/2025",1,9,1,"N",1,1,1,1,1
1520473,1985682,"2025-2025_Regular_Session","2025-03-18","House Student Academic Success Subcommittee",15,2,0,1,18,1,"H","Education","H1255",2025,"https://legiscan.com/FL/bill/H1255/2025",0.833333333333333,17,0.882352941176471,"N",1,0.6,0.6,1,0.882352941176471
1520527,1967198,"2025-2025_Regular_Session","2025-03-18","House Government Operations Subcommittee",16,0,0,3,19,1,"H","Registration of Agents and Organizations Associated with Foreign Nations","H0583",2025,"https://legiscan.com/FL/bill/H0583/2025",0.842105263157895,16,1,"N",1,1,1,1,1
1520543,1988706,"2025-2025_Regular_Session","2025-03-18","Senate Criminal Justice",8,1,0,0,9,1,"S","Rebuttable Presumption for Certain Deaths","S1774",2025,"https://legiscan.com/FL/bill/S1774/2025",0.888888888888889,9,0.888888888888889,"N",1,0.666666666666667,0.666666666666667,1,0.888888888888889
1520562,1986709,"2025-2025_Regular_Session","2025-03-18","House Student Academic Success Subcommittee",15,0,0,3,18,1,"H","Reading Interventions and Instruction","H1309",2025,"https://legiscan.com/FL/bill/H1309/2025",0.833333333333333,15,1,"N",1,1,1,1,1
1520586,1979028,"2025-2025_Regular_Session","2025-03-18","Senate Criminal Justice",7,2,0,0,9,1,"S","Aggravating Factors","S0984",2025,"https://legiscan.com/FL/bill/S0984/2025",0.777777777777778,9,0.777777777777778,"N",0.833333333333333,0.666666666666667,0.666666666666667,0.833333333333333,0.777777777777778
1520596,1972053,"2025-2025_Regular_Session","2025-03-18","Senate Criminal Justice",7,2,0,0,9,1,"S","Aggravating Factors for Capital Felonies","S0776",2025,"https://legiscan.com/FL/bill/S0776/2025",0.777777777777778,9,0.777777777777778,"N",0.833333333333333,0.666666666666667,0.666666666666667,0.833333333333333,0.777777777777778
1520597,1981753,"2025-2025_Regular_Session","2025-03-18","Senate Criminal Justice",9,0,0,0,9,1,"S","Sexual Cyberharassment","S1084",2025,"https://legiscan.com/FL/bill/S1084/2025",1,9,1,"N",1,1,1,1,1
1520603,1985603,"2025-2025_Regular_Session","2025-03-18","Senate Criminal Justice",9,0,0,0,9,1,"S","Unmanned Aircraft or Unmanned Aircraft Systems","S1422",2025,"https://legiscan.com/FL/bill/S1422/2025",1,9,1,"N",1,1,1,1,1
1520718,1988523,"2025-2025_Regular_Session","2025-03-19","Senate Children, Families, and Elder Affairs",6,0,0,1,7,1,"S","Insulin Administration by Direct-support Professionals and Relatives","S1736",2025,"https://legiscan.com/FL/bill/S1736/2025",0.857142857142857,6,1,"N",1,1,1,1,1
1520722,1983597,"2025-2025_Regular_Session","2025-03-19","Senate Children, Families, and Elder Affairs",6,0,0,1,7,1,"S","Substance Abuse and Mental Health Care","S1240",2025,"https://legiscan.com/FL/bill/S1240/2025",0.857142857142857,6,1,"N",1,1,1,1,1
1520724,1953383,"2025-2025_Regular_Session","2025-03-18","Senate Appropriations Committee on Criminal and Civil Justice",5,0,0,4,9,1,"S","Education in Correctional Facilities for Licensed Professions","S0472",2025,"https://legiscan.com/FL/bill/S0472/2025",0.555555555555556,5,1,"N",1,1,1,1,1
1520729,1960474,"2025-2025_Regular_Session","2025-03-18","Senate Appropriations Committee on Criminal and Civil Justice",5,0,0,4,9,1,"S","State Courts System","S0538",2025,"https://legiscan.com/FL/bill/S0538/2025",0.555555555555556,5,1,"N",1,1,1,1,1
1520749,1953841,"2025-2025_Regular_Session","2025-03-18","House Housing, Agriculture & Tourism Subcommittee",16,0,0,2,18,1,"H","Issuance of Address and Individual Parcel Identification Numbers","H0381",2025,"https://legiscan.com/FL/bill/H0381/2025",0.888888888888889,16,1,"N",1,1,1,1,1
1520757,1984094,"2025-2025_Regular_Session","2025-03-19","Senate Transportation",9,0,0,0,9,1,"S","Public Records/E-mail Addresses/DHSMV","S1292",2025,"https://legiscan.com/FL/bill/S1292/2025",1,9,1,"N",1,1,1,1,1
1520764,1971548,"2025-2025_Regular_Session","2025-03-18","House Housing, Agriculture & Tourism Subcommittee",14,3,0,1,18,1,"H","Department of Agriculture and Consumer Services","H0651",2025,"https://legiscan.com/FL/bill/H0651/2025",0.777777777777778,17,0.823529411764706,"N",1,0.4,0.6,1,0.882352941176471
1520771,1974993,"2025-2025_Regular_Session","2025-03-18","Senate Appropriations Committee on Criminal and Civil Justice",6,0,0,3,9,1,"S","Probation for Misdemeanor Offenses","S0878",2025,"https://legiscan.com/FL/bill/S0878/2025",0.666666666666667,6,1,"N",1,1,1,1,1
1520781,1986883,"2025-2025_Regular_Session","2025-03-18","Senate Military and Veterans Affairs, Space, and Domestic Security",5,0,0,1,6,1,"S","Aerospace Industry","S1516",2025,"https://legiscan.com/FL/bill/S1516/2025",0.833333333333333,5,1,"N",1,1,1,1,1
1520786,1885988,"2025-2025_Regular_Session","2025-03-19","Senate Judiciary",11,0,0,0,11,1,"S","Relief of Sidney Holmes by the State of Florida","S0010",2025,"https://legiscan.com/FL/bill/S0010/2025",1,11,1,"N",1,1,1,1,1
1520790,1953354,"2025-2025_Regular_Session","2025-03-18","House Housing, Agriculture & Tourism Subcommittee",17,0,0,1,18,1,"H","Rent of Affordable Housing Dwelling Units","H0365",2025,"https://legiscan.com/FL/bill/H0365/2025",0.944444444444444,17,1,"N",1,1,1,1,1
1520792,1951899,"2025-2025_Regular_Session","2025-03-19","Senate Rules",25,0,0,0,25,1,"S","OGSR/Site-specific Location Information for Endangered and Threatened Species","S7000",2025,"https://legiscan.com/FL/bill/S7000/2025",1,25,1,"N",1,1,1,1,1
1520793,1972204,"2025-2025_Regular_Session","2025-03-18","House Housing, Agriculture & Tourism Subcommittee",16,1,0,1,18,1,"H","Local Government Impact Fees and Development Permits and Orders","H0665",2025,"https://legiscan.com/FL/bill/H0665/2025",0.888888888888889,17,0.941176470588235,"N",1,0.8,0.8,1,0.941176470588235
1520794,1914829,"2025-2025_Regular_Session","2025-03-19","Senate Regulated Industries",8,0,0,1,9,1,"S","Chemicals in Consumer Products","S0196",2025,"https://legiscan.com/FL/bill/S0196/2025",0.888888888888889,8,1,"N",1,1,1,1,1
1520795,1970265,"2025-2025_Regular_Session","2025-03-18","House Housing, Agriculture & Tourism Subcommittee",16,1,0,1,18,1,"H","Electronic Delivery of Notices Between Landlords and Tenants","H0615",2025,"https://legiscan.com/FL/bill/H0615/2025",0.888888888888889,17,0.941176470588235,"N",1,0.8,0.8,1,0.941176470588235
1520800,1918478,"2025-2025_Regular_Session","2025-03-19","Senate Judiciary",9,2,0,0,11,1,"S","Student Participation in Interscholastic and Intrascholastic Extracurricular Sports","S0248",2025,"https://legiscan.com/FL/bill/S0248/2025",0.818181818181818,11,0.818181818181818,"N",1,0.333333333333333,0.666666666666667,1,0.909090909090909
1520809,1984006,"2025-2025_Regular_Session","2025-03-18","House Housing, Agriculture & Tourism Subcommittee",13,4,0,1,18,1,"H","Verification of Reemployment Assistance Benefit Eligibility","H1157",2025,"https://legiscan.com/FL/bill/H1157/2025",0.722222222222222,17,0.764705882352941,"N",1,0.2,0.8,1,0.941176470588235
1520812,1943821,"2025-2025_Regular_Session","2025-03-19","Senate Judiciary",11,0,0,0,11,1,"S","Self-storage Spaces","S0386",2025,"https://legiscan.com/FL/bill/S0386/2025",1,11,1,"N",1,1,1,1,1
1520813,1886200,"2025-2025_Regular_Session","2025-03-19","Senate Judiciary",10,1,0,0,11,1,"S","Relief of J.N., a Minor, by Hillsborough County","S0020",2025,"https://legiscan.com/FL/bill/S0020/2025",0.909090909090909,11,0.909090909090909,"N",0.875,1,1,0.875,0.909090909090909
1520823,1984362,"2025-2025_Regular_Session","2025-03-19","Senate Children, Families, and Elder Affairs",6,0,0,1,7,1,"S","Harming or Neglecting Children","S1286",2025,"https://legiscan.com/FL/bill/S1286/2025",0.857142857142857,6,1,"N",1,1,1,1,1
1520825,1886094,"2025-2025_Regular_Session","2025-03-19","Senate Judiciary",10,1,0,0,11,1,"S","Relief of Kristen and Lia McIntosh by the Department of Agriculture and Consumer Services","S0026",2025,"https://legiscan.com/FL/bill/S0026/2025",0.909090909090909,11,0.909090909090909,"N",0.875,1,1,0.875,0.909090909090909
1520826,1886040,"2025-2025_Regular_Session","2025-03-19","Senate Judiciary",11,0,0,0,11,1,"S","Relief of Marcus Button by the Pasco County School Board","S0008",2025,"https://legiscan.com/FL/bill/S0008/2025",1,11,1,"N",1,1,1,1,1
1520837,1957728,"2025-2025_Regular_Session","2025-03-19","Senate Judiciary",11,0,0,0,11,1,"S","Curators of Estates","S0520",2025,"https://legiscan.com/FL/bill/S0520/2025",1,11,1,"N",1,1,1,1,1
1520847,1984064,"2025-2025_Regular_Session","2025-03-19","Senate Regulated Industries",8,0,0,1,9,1,"S","Building Construction","S1298",2025,"https://legiscan.com/FL/bill/S1298/2025",0.888888888888889,8,1,"N",1,1,1,1,1
1520848,1985563,"2025-2025_Regular_Session","2025-03-18","Senate Military and Veterans Affairs, Space, and Domestic Security",5,0,0,1,6,1,"S","Veterans' Assistance","S1464",2025,"https://legiscan.com/FL/bill/S1464/2025",0.833333333333333,5,1,"N",1,1,1,1,1
1520862,1886227,"2025-2025_Regular_Session","2025-03-19","Senate Judiciary",10,1,0,0,11,1,"S","Relief of the Estate of Peniel Janvier by the City of Miami Beach","S0014",2025,"https://legiscan.com/FL/bill/S0014/2025",0.909090909090909,11,0.909090909090909,"N",0.875,1,1,0.875,0.909090909090909
1520864,1948551,"2025-2025_Regular_Session","2025-03-19","House Transportation & Economic Development Budget Subcommittee",14,0,0,1,15,1,"H","Toll Exemptions for Purple Heart Medal Recipients","H0313",2025,"https://legiscan.com/FL/bill/H0313/2025",0.933333333333333,14,1,"N",1,1,1,1,1
1520874,1976931,"2025-2025_Regular_Session","2025-03-19","House Transportation & Economic Development Budget Subcommittee",15,0,0,0,15,1,"H","Aerospace Innovation Funding","H0793",2025,"https://legiscan.com/FL/bill/H0793/2025",1,15,1,"N",1,1,1,1,1
1520876,1983419,"2025-2025_Regular_Session","2025-03-17","Senate Banking and Insurance",7,0,0,3,10,1,"S","Firefighter Health and Safety","S1212",2025,"https://legiscan.com/FL/bill/S1212/2025",0.7,7,1,"N",1,1,1,1,1
1520889,1982494,"2025-2025_Regular_Session","2025-03-17","Senate Community Affairs",5,3,0,0,8,1,"S","Land Use and Development Regulations","S1118",2025,"https://legiscan.com/FL/bill/S1118/2025",0.625,8,0.625,"N",1,0,1,1,1
1520891,1983907,"2025-2025_Regular_Session","2025-03-19","House Education Administration Subcommittee",15,0,0,3,18,1,"H","Students Enrolled in Dropout Retrieval Programs","H1079",2025,"https://legiscan.com/FL/bill/H1079/2025",0.833333333333333,15,1,"N",1,1,1,1,1
1520893,1984671,"2025-2025_Regular_Session","2025-03-19","Senate Regulated Industries",8,0,0,1,9,1,"S","Heated Tobacco Products","S1418",2025,"https://legiscan.com/FL/bill/S1418/2025",0.888888888888889,8,1,"N",1,1,1,1,1
1520895,1988158,"2025-2025_Regular_Session","2025-03-17","Senate Banking and Insurance",7,0,0,3,10,1,"S","Insurance Regulations","S1656",2025,"https://legiscan.com/FL/bill/S1656/2025",0.7,7,1,"N",1,1,1,1,1
1520904,1988285,"2025-2025_Regular_Session","2025-03-19","Senate Judiciary",10,1,0,0,11,1,"S","Public Records/Pleading, Request for Relief, or Other Document Stricken by a Court","S1652",2025,"https://legiscan.com/FL/bill/S1652/2025",0.909090909090909,11,0.909090909090909,"N",1,0.666666666666667,0.666666666666667,1,0.909090909090909
1520905,1963580,"2025-2025_Regular_Session","2025-03-19","Senate Rules",25,0,0,0,25,1,"S","Public Records and Meetings/NG911 Systems","S7006",2025,"https://legiscan.com/FL/bill/S7006/2025",1,25,1,"N",1,1,1,1,1
1520913,1987763,"2025-2025_Regular_Session","2025-03-17","Senate Banking and Insurance",7,0,0,3,10,1,"S","Financial Institutions","S1612",2025,"https://legiscan.com/FL/bill/S1612/2025",0.7,7,1,"N",1,1,1,1,1
1520917,1942029,"2025-2025_Regular_Session","2025-03-19","Senate Judiciary",11,0,0,0,11,1,"S","Reusable Tenant Screening Reports","S0362",2025,"https://legiscan.com/FL/bill/S0362/2025",1,11,1,"N",1,1,1,1,1
1520924,1885961,"2025-2025_Regular_Session","2025-03-19","Senate Judiciary",10,1,0,0,11,1,"S","Relief of Eric Miles, Jr., and Jennifer Miles by the South Broward Hospital District","S0022",2025,"https://legiscan.com/FL/bill/S0022/2025",0.909090909090909,11,0.909090909090909,"N",0.875,1,1,0.875,0.909090909090909
1520928,1986613,"2025-2025_Regular_Session","2025-03-18","Senate Military and Veterans Affairs, Space, and Domestic Security",5,0,0,1,6,1,"S","Educational Opportunities for Military Children","S1528",2025,"https://legiscan.com/FL/bill/S1528/2025",0.833333333333333,5,1,"N",1,1,1,1,1
1520931,1985682,"2025-2025_Regular_Session","2025-03-18","House Student Academic Success Subcommittee",15,2,0,1,18,1,"H","Education","H1255",2025,"https://legiscan.com/FL/bill/H1255/2025",0.833333333333333,17,0.882352941176471,"N",1,0.6,0.6,1,0.882352941176471
1520938,1989207,"2025-2025_Regular_Session","2025-03-18","Senate Health Policy",9,0,0,1,10,1,"S","Refund of Overpayments Made by Patients","S1808",2025,"https://legiscan.com/FL/bill/S1808/2025",0.9,9,1,"N",1,1,1,1,1
1520943,1924116,"2025-2025_Regular_Session","2025-03-19","Senate: Third Reading RCS#11",38,0,1,0,39,1,"S","Collaborative Pharmacy Practice for Chronic Health Conditions","S0294",2025,"https://legiscan.com/FL/bill/S0294/2025",0.974358974358974,38,1,"Y",1,1,1,1,1
1520949,1894915,"2025-2025_Regular_Session","2025-03-19","Senate Rules",22,3,0,0,25,1,"S","Utility Terrain Vehicles","S0088",2025,"https://legiscan.com/FL/bill/S0088/2025",0.88,25,0.88,"N",0.947368421052632,0.666666666666667,0.666666666666667,0.947368421052632,0.88
1520958,1981574,"2025-2025_Regular_Session","2025-03-18","Senate Health Policy",9,0,0,1,10,1,"S","Medicaid Oversight","S1060",2025,"https://legiscan.com/FL/bill/S1060/2025",0.9,9,1,"N",1,1,1,1,1
1520959,1979142,"2025-2025_Regular_Session","2025-03-18","Senate Health Policy",9,0,0,1,10,1,"S","Type 1 Diabetes Early Detection Program","S0958",2025,"https://legiscan.com/FL/bill/S0958/2025",0.9,9,1,"N",1,1,1,1,1
1520964,1988108,"2025-2025_Regular_Session","2025-03-19","Senate Judiciary",11,0,0,0,11,1,"S","Vexatious Litigants","S1650",2025,"https://legiscan.com/FL/bill/S1650/2025",1,11,1,"N",1,1,1,1,1
1520977,1968330,"2025-2025_Regular_Session","2025-03-18","House Student Academic Success Subcommittee",16,0,0,2,18,1,"H","Children with Developmental Disabilities","H0591",2025,"https://legiscan.com/FL/bill/H0591/2025",0.888888888888889,16,1,"N",1,1,1,1,1
1520986,1909517,"2025-2025_Regular_Session","2025-03-19","Senate: Third Reading RCS#16",39,0,0,0,39,1,"S","Public Accountancy","S0160",2025,"https://legiscan.com/FL/bill/S0160/2025",1,39,1,"Y",1,1,1,1,1
1520990,1921139,"2025-2025_Regular_Session","2025-03-19","Senate Rules",25,0,0,0,25,1,"S","Candidate Qualification","S0280",2025,"https://legiscan.com/FL/bill/S0280/2025",1,25,1,"N",1,1,1,1,1
1520994,1984993,"2025-2025_Regular_Session","2025-03-19","Senate Transportation",9,0,0,0,9,1,"S","Transportation Facility Designations","S1408",2025,"https://legiscan.com/FL/bill/S1408/2025",1,9,1,"N",1,1,1,1,1
1521006,1985621,"2025-2025_Regular_Session","2025-03-19","House Education Administration Subcommittee",16,0,0,2,18,1,"H","Hunger-Free Campus Pilot Program","H1245",2025,"https://legiscan.com/FL/bill/H1245/2025",0.888888888888889,16,1,"N",1,1,1,1,1
1521012,1976023,"2025-2025_Regular_Session","2025-03-18","Senate Military and Veterans Affairs, Space, and Domestic Security",5,0,0,1,6,1,"S","Veterans' Benefits Assistance","S0910",2025,"https://legiscan.com/FL/bill/S0910/2025",0.833333333333333,5,1,"N",1,1,1,1,1
1521021,1977185,"2025-2025_Regular_Session","2025-03-19","Senate Regulated Industries",8,0,0,1,9,1,"S","Third-party Reservation Platforms","S0940",2025,"https://legiscan.com/FL/bill/S0940/2025",0.888888888888889,8,1,"N",1,1,1,1,1
1521025,1988809,"2025-2025_Regular_Session","2025-03-17","Senate Banking and Insurance",7,0,0,3,10,1,"S","Insurance","S1740",2025,"https://legiscan.com/FL/bill/S1740/2025",0.7,7,1,"N",1,1,1,1,1
1521036,1903465,"2025-2025_Regular_Session","2025-03-19","Senate: Third Reading RCS#10",39,0,0,0,39,1,"S","Abandoning Restrained Dogs During Natural Disasters","S0150",2025,"https://legiscan.com/FL/bill/S0150/2025",1,39,1,"Y",1,1,1,1,1
1521037,1918834,"2025-2025_Regular_Session","2025-03-19","Senate Rules",25,0,0,0,25,1,"S","Trusts","S0262",2025,"https://legiscan.com/FL/bill/S0262/2025",1,25,1,"N",1,1,1,1,1
1521047,1981374,"2025-2025_Regular_Session","2025-03-18","Senate Health Policy",9,0,0,1,10,1,"S","Electrocardiograms for Student Athletes","S1070",2025,"https://legiscan.com/FL/bill/S1070/2025",0.9,9,1,"N",1,1,1,1,1
1521053,1946372,"2025-2025_Regular_Session","2025-03-19","Senate Rules",25,0,0,0,25,1,"S","Unlawful Use of Uniforms, Medals, or Insignia","S0402",2025,"https://legiscan.com/FL/bill/S0402/2025",1,25,1,"N",1,1,1,1,1
1521059,1987597,"2025-2025_Regular_Session","2025-03-19","Senate: Third Reading RCS#14",39,0,0,0,39,1,"S","Child Welfare","S7012",2025,"https://legiscan.com/FL/bill/S7012/2025",1,39,1,"Y",1,1,1,1,1
1521061,1987348,"2025-2025_Regular_Session","2025-03-19","House Education Administration Subcommittee",15,1,0,2,18,1,"H","School Attendance","H1367",2025,"https://legiscan.com/FL/bill/H1367/2025",0.833333333333333,16,0.9375,"N",1,0.75,0.75,1,0.9375
1521090,1988954,"2025-2025_Regular_Session","2025-03-19","House Education Administration Subcommittee",12,4,0,2,18,1,"H","School Grades","H1483",2025,"https://legiscan.com/FL/bill/H1483/2025",0.666666666666667,16,0.75,"N",1,0,1,1,1
1521101,1984120,"2025-2025_Regular_Session","2025-03-19","Senate Regulated Industries",8,0,0,1,9,1,"S","Solar Facilities","S1304",2025,"https://legiscan.com/FL/bill/S1304/2025",0.888888888888889,8,1,"N",1,1,1,1,1
1521112,1971304,"2025-2025_Regular_Session","2025-03-18","Senate Health Policy",8,1,0,1,10,1,"S","Controlling Business Interests by Persons with Ties to Foreign Countries of Concern","S0768",2025,"https://legiscan.com/FL/bill/S0768/2025",0.8,9,0.888888888888889,"N",1,0.666666666666667,0.666666666666667,1,0.888888888888889
1521113,1982897,"2025-2025_Regular_Session","2025-03-19","House Industries & Professional Activities Subcommittee",16,0,0,2,18,1,"H","Alternative Plans Reviews and Inspections","H1071",2025,"https://legiscan.com/FL/bill/H1071/2025",0.888888888888889,16,1,"N",1,1,1,1,1
1521116,1923039,"2025-2025_Regular_Session","2025-03-19","Senate Rules",25,0,0,0,25,1,"S","Warranty Associations","S0282",2025,"https://legiscan.com/FL/bill/S0282/2025",1,25,1,"N",1,1,1,1,1
1521127,1986709,"2025-2025_Regular_Session","2025-03-18","House Student Academic Success Subcommittee",15,0,0,3,18,1,"H","Reading Interventions and Instruction","H1309",2025,"https://legiscan.com/FL/bill/H1309/2025",0.833333333333333,15,1,"N",1,1,1,1,1
1521136,1963716,"2025-2025_Regular_Session","2025-03-19","Senate Rules",25,0,0,0,25,1,"S","OGSR/Applicants or Participants in Certain Federal, State, or Local Housing Assistance Programs","S7004",2025,"https://legiscan.com/FL/bill/S7004/2025",1,25,1,"N",1,1,1,1,1
1521142,1975596,"2025-2025_Regular_Session","2025-03-19","Senate: Third Reading RCS#3",39,0,0,0,39,1,"S","Florida Statutes","S0038",2025,"https://legiscan.com/FL/bill/S0038/2025",1,39,1,"Y",1,1,1,1,1
1521156,1983233,"2025-2025_Regular_Session","2025-03-17","Senate Banking and Insurance",7,0,0,3,10,1,"S","Residual Market Insurers","S1184",2025,"https://legiscan.com/FL/bill/S1184/2025",0.7,7,1,"N",1,1,1,1,1
1521157,1983785,"2025-2025_Regular_Session","2025-03-18","House Student Academic Success Subcommittee",15,0,0,3,18,1,"H","Mathematics Education Requirements","H1113",2025,"https://legiscan.com/FL/bill/H1113/2025",0.833333333333333,15,1,"N",1,1,1,1,1
1521165,1978976,"2025-2025_Regular_Session","2025-03-19","House Industries & Professional Activities Subcommittee",15,1,0,2,18,1,"H","Underground Utility and Excavation Contractors","H0869",2025,"https://legiscan.com/FL/bill/H0869/2025",0.833333333333333,16,0.9375,"N",1,0.8,0.8,1,0.9375
1521171,1983927,"2025-2025_Regular_Session","2025-03-19","House Health Care Budget Subcommittee",14,0,0,1,15,1,"H","Child Welfare","H1127",2025,"https://legiscan.com/FL/bill/H1127/2025",0.933333333333333,14,1,"N",1,1,1,1,1
1521177,1928340,"2025-2025_Regular_Session","2025-03-19","Senate Judiciary",11,0,0,0,11,1,"S","Limited Liability Companies","S0316",2025,"https://legiscan.com/FL/bill/S0316/2025",1,11,1,"N",1,1,1,1,1
1521184,1947432,"2025-2025_Regular_Session","2025-03-19","Senate: Third Reading RCS#15",39,0,0,0,39,1,"S","Administrative Procedures","S0108",2025,"https://legiscan.com/FL/bill/S0108/2025",1,39,1,"Y",1,1,1,1,1
1521188,1975493,"2025-2025_Regular_Session","2025-03-19","Senate: Third Reading RCS#4",39,0,0,0,39,1,"S","Florida Statutes","S0040",2025,"https://legiscan.com/FL/bill/S0040/2025",1,39,1,"Y",1,1,1,1,1
1521192,1984070,"2025-2025_Regular_Session","2025-03-18","House Student Academic Success Subcommittee",16,0,0,2,18,1,"H","Electrocardiograms for Student Athletes","H1135",2025,"https://legiscan.com/FL/bill/H1135/2025",0.888888888888889,16,1,"N",1,1,1,1,1
1521196,1942180,"2025-2025_Regular_Session","2025-03-19","Senate: Third Reading RCS#13",39,0,0,0,39,1,"S","Ethics","S0348",2025,"https://legiscan.com/FL/bill/S0348/2025",1,39,1,"Y",1,1,1,1,1
1521202,1958195,"2025-2025_Regular_Session","2025-03-19","Senate: Third Reading RCS#7",39,0,0,0,39,1,"S","Veterans","S0116",2025,"https://legiscan.com/FL/bill/S0116/2025",1,39,1,"Y",1,1,1,1,1
1521203,1978929,"2025-2025_Regular_Session","2025-03-19","Senate Regulated Industries",8,0,0,1,9,1,"S","Elevator Accessibility Requirements","S0960",2025,"https://legiscan.com/FL/bill/S0960/2025",0.888888888888889,8,1,"N",1,1,1,1,1
1521215,1973592,"2025-2025_Regular_Session","2025-03-19","Senate Transportation",9,0,0,0,9,1,"S","Specialty License Plates/Supporting FHP Troopers","S0824",2025,"https://legiscan.com/FL/bill/S0824/2025",1,9,1,"N",1,1,1,1,1
1521234,1973282,"2025-2025_Regular_Session","2025-03-19","House Criminal Justice Subcommittee",17,0,0,1,18,1,"H","Transportation Offenses Involving Death","H0687",2025,"https://legiscan.com/FL/bill/H0687/2025",0.944444444444444,17,1,"N",1,1,1,1,1
1521241,1984688,"2025-2025_Regular_Session","2025-03-18","Senate Health Policy",9,0,0,1,10,1,"S","Ambulatory Surgical Centers","S1370",2025,"https://legiscan.com/FL/bill/S1370/2025",0.9,9,1,"N",1,1,1,1,1
1521242,1985490,"2025-2025_Regular_Session","2025-03-17","Senate Education Postsecondary",7,0,0,0,7,1,"S","Florida Institute for Pediatric Rare Diseases","S1356",2025,"https://legiscan.com/FL/bill/S1356/2025",1,7,1,"N",1,1,1,1,1
1521247,1987557,"2025-2025_Regular_Session","2025-03-18","Senate Health Policy",9,0,0,1,10,1,"S","Background Screening of Athletic Coaches","S1546",2025,"https://legiscan.com/FL/bill/S1546/2025",0.9,9,1,"N",1,1,1,1,1
1521250,1967251,"2025-2025_Regular_Session","2025-03-19","Senate Transportation",9,0,0,0,9,1,"S","Specialty License Plates/Miami Northwestern Alumni Association","S0666",2025,"https://legiscan.com/FL/bill/S0666/2025",1,9,1,"N",1,1,1,1,1
1521260,1977285,"2025-2025_Regular_Session","2025-03-18","Senate Health Policy",9,0,0,1,10,1,"S","Insurance Overpayment Claims Submitted to Psychologists","S0944",2025,"https://legiscan.com/FL/bill/S0944/2025",0.9,9,1,"N",1,1,1,1,1
1521264,1982828,"2025-2025_Regular_Session","2025-03-19","House Criminal Justice Subcommittee",17,0,0,1,18,1,"H","Arrest and Detention of Individuals with Significant Medical Conditions","H1099",2025,"https://legiscan.com/FL/bill/H1099/2025",0.944444444444444,17,1,"N",1,1,1,1,1
1521266,1984091,"2025-2025_Regular_Session","2025-03-19","Senate Transportation",9,0,0,0,9,1,"S","Department of Highway Safety and Motor Vehicles","S1290",2025,"https://legiscan.com/FL/bill/S1290/2025",1,9,1,"N",1,1,1,1,1
1521269,1975386,"2025-2025_Regular_Session","2025-03-19","Senate: Third Reading RCS#17",39,0,0,0,39,1,"S","Rural Communities","S0110",2025,"https://legiscan.com/FL/bill/S0110/2025",1,39,1,"Y",1,1,1,1,1
1521273,1983700,"2025-2025_Regular_Session","2025-03-19","Senate Regulated Industries",8,0,0,1,9,1,"S","Construction Contracting","S1262",2025,"https://legiscan.com/FL/bill/S1262/2025",0.888888888888889,8,1,"N",1,1,1,1,1
1521279,1965224,"2025-2025_Regular_Session","2025-03-19","Senate Regulated Industries",8,0,0,1,9,1,"S","Home Inspectors","S0638",2025,"https://legiscan.com/FL/bill/S0638/2025",0.888888888888889,8,1,"N",1,1,1,1,1
1521295,1894929,"2025-2025_Regular_Session","2025-03-19","House Health Care Budget Subcommittee",14,0,0,1,15,1,"H","Social Work Licensure Interstate Compact","H0027",2025,"https://legiscan.com/FL/bill/H0027/2025",0.933333333333333,14,1,"N",1,1,1,1,1
1521297,1985119,"2025-2025_Regular_Session","2025-03-19","House Industries & Professional Activities Subcommittee",11,5,0,2,18,1,"H","Employment Agreements","H1219",2025,"https://legiscan.com/FL/bill/H1219/2025",0.611111111111111,16,0.6875,"N",1,0,1,1,1
1521305,1892656,"2025-2025_Regular_Session","2025-03-19","Senate: Third Reading RCS#6",39,0,0,0,39,1,"S","Nature-based Methods for Improving Coastal Resilience","S0050",2025,"https://legiscan.com/FL/bill/S0050/2025",1,39,1,"Y",1,1,1,1,1
1521307,1948479,"2025-2025_Regular_Session","2025-03-19","House Industries & Professional Activities Subcommittee",16,0,0,2,18,1,"H","Repair of Motorized Wheelchairs","H0311",2025,"https://legiscan.com/FL/bill/H0311/2025",0.888888888888889,16,1,"N",1,1,1,1,1
1521309,1981075,"2025-2025_Regular_Session","2025-03-19","Senate: Third Reading RCS#5",37,0,2,0,39,1,"S","Florida Statutes","S0042",2025,"https://legiscan.com/FL/bill/S0042/2025",0.948717948717949,37,1,"Y",1,1,1,1,1
1521314,1942386,"2025-2025_Regular_Session","2025-03-19","House Education Administration Subcommittee",16,0,0,2,18,1,"H","Middle School and High School Start Times","H0261",2025,"https://legiscan.com/FL/bill/H0261/2025",0.888888888888889,16,1,"N",1,1,1,1,1
1521316,1975135,"2025-2025_Regular_Session","2025-03-19","House Criminal Justice Subcommittee",17,0,0,1,18,1,"H","Sexual Images","H0757",2025,"https://legiscan.com/FL/bill/H0757/2025",0.944444444444444,17,1,"N",1,1,1,1,1
1521320,1974652,"2025-2025_Regular_Session","2025-03-19","House Industries & Professional Activities Subcommittee",15,0,0,3,18,1,"H","Social Media Use by Minors","H0743",2025,"https://legiscan.com/FL/bill/H0743/2025",0.833333333333333,15,1,"N",1,1,1,1,1
1521324,1985213,"2025-2025_Regular_Session","2025-03-19","House Criminal Justice Subcommittee",16,0,0,2,18,1,"H","Mental Health","H1207",2025,"https://legiscan.com/FL/bill/H1207/2025",0.888888888888889,16,1,"N",1,1,1,1,1
1521326,1962154,"2025-2025_Regular_Session","2025-03-19","House Health Care Facilities & Systems Subcommittee",17,0,0,1,18,1,"H","Ambulatory Surgical Centers","H0475",2025,"https://legiscan.com/FL/bill/H0475/2025",0.944444444444444,17,1,"N",1,1,1,1,1
1521331,1988466,"2025-2025_Regular_Session","2025-03-17","Senate Banking and Insurance",7,0,0,3,10,1,"S","Public Records/Uniform Mitigation Verification Inspection Form Database","S1658",2025,"https://legiscan.com/FL/bill/S1658/2025",0.7,7,1,"N",1,1,1,1,1
1521348,1976673,"2025-2025_Regular_Session","2025-03-19","House Industries & Professional Activities Subcommittee",15,1,0,2,18,1,"H","Air-Conditioning and Mechanical Contractors","H0801",2025,"https://legiscan.com/FL/bill/H0801/2025",0.833333333333333,16,0.9375,"N",0.909090909090909,1,1,0.909090909090909,0.9375
1521360,1930979,"2025-2025_Regular_Session","2025-03-19","Senate: Third Reading RCS#12",39,0,0,0,39,1,"S","Property Rights","S0322",2025,"https://legiscan.com/FL/bill/S0322/2025",1,39,1,"Y",1,1,1,1,1
1521361,1897545,"2025-2025_Regular_Session","2025-03-19","Senate: Third Reading RCS#8",36,3,0,0,39,1,"S","Regulation of Presidential Libraries","S0118",2025,"https://legiscan.com/FL/bill/S0118/2025",0.923076923076923,39,0.923076923076923,"Y",1,0.727272727272727,0.727272727272727,1,0.923076923076923
1521369,1980858,"2025-2025_Regular_Session","2025-03-19","Senate Transportation",9,0,0,0,9,1,"S","Specialty License Plates/United States Naval Academy and United States Military Academy","S1024",2025,"https://legiscan.com/FL/bill/S1024/2025",1,9,1,"N",1,1,1,1,1
1521370,1898276,"2025-2025_Regular_Session","2025-03-19","Senate: Third Reading RCS#9",39,0,0,0,39,1,"S","Prescription Hearing Aids","S0126",2025,"https://legiscan.com/FL/bill/S0126/2025",1,39,1,"Y",1,1,1,1,1
1521404,1983104,"2025-2025_Regular_Session","2025-03-19","House Health Care Facilities & Systems Subcommittee",14,3,0,1,18,1,"H","Children's Medical Services Program","H1085",2025,"https://legiscan.com/FL/bill/H1085/2025",0.777777777777778,17,0.823529411764706,"N",1,0.4,0.6,1,0.882352941176471
1521436,1968271,"2025-2025_Regular_Session","2025-03-19","House Intergovernmental Affairs Subcommittee",16,0,0,2,18,1,"H","Dangerous Dogs","H0593",2025,"https://legiscan.com/FL/bill/H0593/2025",0.888888888888889,16,1,"N",1,1,1,1,1
1521441,1981587,"2025-2025_Regular_Session","2025-03-19","House Education Administration Subcommittee",15,0,0,3,18,1,"H","Reporting of Student Mental Health Outcomes","H0969",2025,"https://legiscan.com/FL/bill/H0969/2025",0.833333333333333,15,1,"N",1,1,1,1,1
1521448,1984282,"2025-2025_Regular_Session","2025-03-19","House Industries & Professional Activities Subcommittee",14,0,0,4,18,1,"H","Removal of Altered Sexual Depictions Posted without Consent","H1161",2025,"https://legiscan.com/FL/bill/H1161/2025",0.777777777777778,14,1,"N",1,1,1,1,1
1521511,1983730,"2025-2025_Regular_Session","2025-03-19","House Health Care Facilities & Systems Subcommittee",15,2,0,1,18,1,"H","Out-of-network Providers","H1101",2025,"https://legiscan.com/FL/bill/H1101/2025",0.833333333333333,17,0.882352941176471,"N",1,0.6,0.6,1,0.882352941176471
1521513,1975885,"2025-2025_Regular_Session","2025-03-19","Senate Transportation",9,0,0,0,9,1,"S","Indemnification of Commuter Rail Transportation Providers","S0916",2025,"https://legiscan.com/FL/bill/S0916/2025",1,9,1,"N",1,1,1,1,1
1521547,1915029,"2025-2025_Regular_Session","2025-03-19","House Criminal Justice Subcommittee",17,0,0,1,18,1,"H","Pawnbroker Transaction Forms","H0139",2025,"https://legiscan.com/FL/bill/H0139/2025",0.944444444444444,17,1,"N",1,1,1,1,1
1521563,1982390,"2025-2025_Regular_Session","2025-03-19","House Criminal Justice Subcommittee",17,0,0,1,18,1,"H","Fraudulent Use of Gift Cards","H1007",2025,"https://legiscan.com/FL/bill/H1007/2025",0.944444444444444,17,1,"N",1,1,1,1,1
1521564,1988998,"2025-2025_Regular_Session","2025-03-19","House Criminal Justice Subcommittee",16,0,0,2,18,1,"H","Prearranged Transportation Services","H1525",2025,"https://legiscan.com/FL/bill/H1525/2025",0.888888888888889,16,1,"N",1,1,1,1,1
1521583,1973683,"2025-2025_Regular_Session","2025-03-19","House Industries & Professional Activities Subcommittee",14,0,0,4,18,1,"H","City of Oviedo, Seminole County","H4031",2025,"https://legiscan.com/FL/bill/H4031/2025",0.777777777777778,14,1,"N",1,1,1,1,1
1521590,1976881,"2025-2025_Regular_Session","2025-03-19","House Industries & Professional Activities Subcommittee",15,0,0,3,18,1,"H","Special Alcoholic Beverage Licenses Issued to Residential Condominiums","H0799",2025,"https://legiscan.com/FL/bill/H0799/2025",0.833333333333333,15,1,"N",1,1,1,1,1
1521608,1967029,"2025-2025_Regular_Session","2025-03-19","House Intergovernmental Affairs Subcommittee",18,0,0,0,18,1,"H","County Price Controls for Removal and Storage of Electric Vehicles","H0577",2025,"https://legiscan.com/FL/bill/H0577/2025",1,18,1,"N",1,1,1,1,1
1521622,1951666,"2025-2025_Regular_Session","2025-03-19","Senate Transportation",6,3,0,0,9,1,"S","Transportation","S0462",2025,"https://legiscan.com/FL/bill/S0462/2025",0.666666666666667,9,0.666666666666667,"N",1,0,1,1,1
1521630,1990100,"2025-2025_Regular_Session","2025-03-19","House Industries & Professional Activities Subcommittee",14,0,0,4,18,1,"H","Duval County","H4053",2025,"https://legiscan.com/FL/bill/H4053/2025",0.777777777777778,14,1,"N",1,1,1,1,1
1521632,1920600,"2025-2025_Regular_Session","2025-03-19","House Economic Infrastructure Subcommittee",17,0,0,1,18,1,"H","Transportation Facility Designations","H0177",2025,"https://legiscan.com/FL/bill/H0177/2025",0.944444444444444,17,1,"N",1,1,1,1,1
1521638,1982767,"2025-2025_Regular_Session","2025-03-19","House Industries & Professional Activities Subcommittee",15,0,0,3,18,1,"H","Building Permits for Single-family Dwellings","H1035",2025,"https://legiscan.com/FL/bill/H1035/2025",0.833333333333333,15,1,"N",1,1,1,1,1
1521667,1920769,"2025-2025_Regular_Session","2025-03-18","Senate Appropriations Committee on Higher Education",8,0,0,0,8,1,"S","Florida Bright Futures Scholarship Program","S0270",2025,"https://legiscan.com/FL/bill/S0270/2025",1,8,1,"N",1,1,1,1,1
1521673,1943751,"2025-2025_Regular_Session","2025-03-19","House Intergovernmental Affairs Subcommittee",16,0,0,2,18,1,"H","Annexing State-owned Lands","H0275",2025,"https://legiscan.com/FL/bill/H0275/2025",0.888888888888889,16,1,"N",1,1,1,1,1
1521682,1987091,"2025-2025_Regular_Session","2025-03-19","House Health Care Facilities & Systems Subcommittee",17,0,0,1,18,1,"H","Home Health Care Services","H1353",2025,"https://legiscan.com/FL/bill/H1353/2025",0.944444444444444,17,1,"N",1,1,1,1,1
1521685,1982323,"2025-2025_Regular_Session","2025-03-19","House Intergovernmental Affairs Subcommittee",16,0,0,2,18,1,"H","Osceola County","H4043",2025,"https://legiscan.com/FL/bill/H4043/2025",0.888888888888889,16,1,"N",1,1,1,1,1
1521690,1973135,"2025-2025_Regular_Session","2025-03-19","House Intergovernmental Affairs Subcommittee",12,5,0,1,18,1,"H","Term Limits for Members of County Commissions and District School Boards","H0679",2025,"https://legiscan.com/FL/bill/H0679/2025",0.666666666666667,17,0.705882352941177,"N",1,0,1,1,1
1521713,1987752,"2025-2025_Regular_Session","2025-03-19","House Criminal Justice Subcommittee",17,0,0,1,18,1,"H","Safety of Students","H1403",2025,"https://legiscan.com/FL/bill/H1403/2025",0.944444444444444,17,1,"N",1,1,1,1,1
1521730,1975632,"2025-2025_Regular_Session","2025-03-19","Senate Children, Families, and Elder Affairs",5,1,0,1,7,1,"S","Faith-based Activities in Batterers' Intervention Programs","S0894",2025,"https://legiscan.com/FL/bill/S0894/2025",0.714285714285714,6,0.833333333333333,"N",1,0.5,NA,1,1
1521736,1943836,"2025-2025_Regular_Session","2025-03-19","House Economic Infrastructure Subcommittee",17,0,0,1,18,1,"H","Misuse of Emergency Communications Systems","H0279",2025,"https://legiscan.com/FL/bill/H0279/2025",0.944444444444444,17,1,"N",1,1,1,1,1
1521737,1988977,"2025-2025_Regular_Session","2025-03-19","House Intergovernmental Affairs Subcommittee",12,0,0,6,18,1,"H","Utility Services","H1523",2025,"https://legiscan.com/FL/bill/H1523/2025",0.666666666666667,12,1,"N",1,1,1,1,1
1521753,1988205,"2025-2025_Regular_Session","2025-03-19","House Intergovernmental Affairs Subcommittee",17,0,0,1,18,1,"H","Leon County","H4075",2025,"https://legiscan.com/FL/bill/H4075/2025",0.944444444444444,17,1,"N",1,1,1,1,1
1521769,1963968,"2025-2025_Regular_Session","2025-03-19","House Intergovernmental Affairs Subcommittee",12,4,0,2,18,1,"H","Local Business Taxes","H0503",2025,"https://legiscan.com/FL/bill/H0503/2025",0.666666666666667,16,0.75,"N",1,0,1,1,1
1521786,1987331,"2025-2025_Regular_Session","2025-03-19","House Intergovernmental Affairs Subcommittee",16,0,0,2,18,1,"H","Fines for Public Nuisance Abatement","H1343",2025,"https://legiscan.com/FL/bill/H1343/2025",0.888888888888889,16,1,"N",1,1,1,1,1
1521815,1976731,"2025-2025_Regular_Session","2025-03-19","House Health Care Facilities & Systems Subcommittee",17,0,0,1,18,1,"H","Veteran and Spouse Nursing Home Beds","H0797",2025,"https://legiscan.com/FL/bill/H0797/2025",0.944444444444444,17,1,"N",1,1,1,1,1
1521825,1968600,"2025-2025_Regular_Session","2025-03-19","House Criminal Justice Subcommittee",18,0,0,0,18,1,"H","Broward County Narcotics and Dangerous Drug Intelligence and Enforcement Unit, Broward County","H4015",2025,"https://legiscan.com/FL/bill/H4015/2025",1,18,1,"N",1,1,1,1,1
1521836,1967535,"2025-2025_Regular_Session","2025-03-19","House Education Administration Subcommittee",16,0,0,2,18,1,"H","Career Planning Opportunities for Students","H0571",2025,"https://legiscan.com/FL/bill/H0571/2025",0.888888888888889,16,1,"N",1,1,1,1,1
1521839,1984274,"2025-2025_Regular_Session","2025-03-19","House Intergovernmental Affairs Subcommittee",17,0,0,1,18,1,"H","Sewer Collection Systems","H1123",2025,"https://legiscan.com/FL/bill/H1123/2025",0.944444444444444,17,1,"N",1,1,1,1,1
1521842,1980681,"2025-2025_Regular_Session","2025-03-19","House Careers & Workforce Subcommittee",18,0,0,0,18,1,"H","Nursing Education Programs","H0919",2025,"https://legiscan.com/FL/bill/H0919/2025",1,18,1,"N",1,1,1,1,1
1521863,1953506,"2025-2025_Regular_Session","2025-03-19","House Information Technology Budget & Policy Subcommittee",17,0,0,1,18,1,"H","Provenance of Digital Content","H0369",2025,"https://legiscan.com/FL/bill/H0369/2025",0.944444444444444,17,1,"N",1,1,1,1,1
1521872,1981045,"2025-2025_Regular_Session","2025-03-19","House Intergovernmental Affairs Subcommittee",17,0,0,1,18,1,"H","Firefighter Health and Safety","H0929",2025,"https://legiscan.com/FL/bill/H0929/2025",0.944444444444444,17,1,"N",1,1,1,1,1
1521876,1984840,"2025-2025_Regular_Session","2025-03-18","House Student Academic Success Subcommittee",15,0,0,3,18,1,"H","Student Online Personal Information Protection","H1223",2025,"https://legiscan.com/FL/bill/H1223/2025",0.833333333333333,15,1,"N",1,1,1,1,1
1521939,1975439,"2025-2025_Regular_Session","2025-03-19","Senate: Third Reading RCS#2",38,0,1,0,39,1,"S","Florida Statutes","S0036",2025,"https://legiscan.com/FL/bill/S0036/2025",0.974358974358974,38,1,"Y",1,1,1,1,1
1521940,1897268,"2025-2025_Regular_Session","2025-03-19","Senate Rules",25,0,0,0,25,1,"S","Exploitation of Vulnerable Adults","S0106",2025,"https://legiscan.com/FL/bill/S0106/2025",1,25,1,"N",1,1,1,1,1
1521991,1987003,"2025-2025_Regular_Session","2025-03-19","House Intergovernmental Affairs Subcommittee",16,0,0,2,18,1,"H","Sunbridge Stewardship District, Osceola County","H4059",2025,"https://legiscan.com/FL/bill/H4059/2025",0.888888888888889,16,1,"N",1,1,1,1,1
1522008,1967815,"2025-2025_Regular_Session","2025-03-18","Senate Military and Veterans Affairs, Space, and Domestic Security",5,0,0,1,6,1,"S","Credit for Military Service","S0684",2025,"https://legiscan.com/FL/bill/S0684/2025",0.833333333333333,5,1,"N",1,1,1,1,1
1522011,1986621,"2025-2025_Regular_Session","2025-03-19","House Criminal Justice Subcommittee",13,2,0,3,18,1,"H","Capital Human Trafficking of Vulnerable Persons for Sexual Exploitation","H1283",2025,"https://legiscan.com/FL/bill/H1283/2025",0.722222222222222,15,0.866666666666667,"N",1,0.5,NA,1,1
1522032,1943801,"2025-2025_Regular_Session","2025-03-19","House Intergovernmental Affairs Subcommittee",18,0,0,0,18,1,"H","Veterans' Benefits Assistance","H0277",2025,"https://legiscan.com/FL/bill/H0277/2025",1,18,1,"N",1,1,1,1,1
1522049,1988328,"2025-2025_Regular_Session","2025-03-19","House Intergovernmental Affairs Subcommittee",17,0,0,1,18,1,"H","Leon County Career Services Employment Act","H4073",2025,"https://legiscan.com/FL/bill/H4073/2025",0.944444444444444,17,1,"N",1,1,1,1,1
1522071,1985766,"2025-2025_Regular_Session","2025-03-19","House Careers & Workforce Subcommittee",18,0,0,0,18,1,"H","Personal Financial Literacy","H1261",2025,"https://legiscan.com/FL/bill/H1261/2025",1,18,1,"N",1,1,1,1,1
1522106,1984203,"2025-2025_Regular_Session","2025-03-19","House Economic Infrastructure Subcommittee",17,0,0,1,18,1,"H","Mobile Cranes and Accessory Support Vehicles","H1165",2025,"https://legiscan.com/FL/bill/H1165/2025",0.944444444444444,17,1,"N",1,1,1,1,1
1522115,1968501,"2025-2025_Regular_Session","2025-03-19","House Intergovernmental Affairs Subcommittee",17,0,0,1,18,1,"H","Citrus County","H4013",2025,"https://legiscan.com/FL/bill/H4013/2025",0.944444444444444,17,1,"N",1,1,1,1,1
1522122,1983804,"2025-2025_Regular_Session","2025-03-19","House Criminal Justice Subcommittee",17,0,0,1,18,1,"H","Unmanned Aircraft and Unmanned Aircraft Systems","H1121",2025,"https://legiscan.com/FL/bill/H1121/2025",0.944444444444444,17,1,"N",1,1,1,1,1
1522125,1977392,"2025-2025_Regular_Session","2025-03-19","House Criminal Justice Subcommittee",17,0,0,1,18,1,"H","Expedited DNA Testing Grant Program","H0847",2025,"https://legiscan.com/FL/bill/H0847/2025",0.944444444444444,17,1,"N",1,1,1,1,1
1522127,1975960,"2025-2025_Regular_Session","2025-03-19","House Criminal Justice Subcommittee",15,0,0,3,18,1,"H","Cyberintimidation by Publication","H0781",2025,"https://legiscan.com/FL/bill/H0781/2025",0.833333333333333,15,1,"N",1,1,1,1,1
1522129,1985242,"2025-2025_Regular_Session","2025-03-19","House Criminal Justice Subcommittee",16,0,0,2,18,1,"H","Statute of Limitations Period for Violations Involving Required Reports Concerning Children","H1171",2025,"https://legiscan.com/FL/bill/H1171/2025",0.888888888888889,16,1,"N",1,1,1,1,1
1522134,1977082,"2025-2025_Regular_Session","2025-03-19","House Careers & Workforce Subcommittee",18,0,0,0,18,1,"H","School Social Workers","H0809",2025,"https://legiscan.com/FL/bill/H0809/2025",1,18,1,"N",1,1,1,1,1
1522143,1981684,"2025-2025_Regular_Session","2025-03-19","House Industries & Professional Activities Subcommittee",15,1,0,2,18,1,"H","Athlete Representation and Compensation","H0981",2025,"https://legiscan.com/FL/bill/H0981/2025",0.833333333333333,16,0.9375,"N",0.909090909090909,1,1,0.909090909090909,0.9375
1522146,1987215,"2025-2025_Regular_Session","2025-03-19","House Criminal Justice Subcommittee",15,0,0,3,18,1,"H","Registration of Sexual Predators and Sexual Offenders","H1351",2025,"https://legiscan.com/FL/bill/H1351/2025",0.833333333333333,15,1,"N",1,1,1,1,1
1522147,1988518,"2025-2025_Regular_Session","2025-03-19","House Criminal Justice Subcommittee",15,0,0,3,18,1,"H","Pub. Rec./Lethality Assessment Forms","H1479",2025,"https://legiscan.com/FL/bill/H1479/2025",0.833333333333333,15,1,"N",1,1,1,1,1
1522149,1964440,"2025-2025_Regular_Session","2025-03-19","House Intergovernmental Affairs Subcommittee",16,0,0,2,18,1,"H","Palm Beach County","H4011",2025,"https://legiscan.com/FL/bill/H4011/2025",0.888888888888889,16,1,"N",1,1,1,1,1
1522151,1986594,"2025-2025_Regular_Session","2025-03-19","House Education Administration Subcommittee",15,0,0,3,18,1,"H","Higher Education","H1321",2025,"https://legiscan.com/FL/bill/H1321/2025",0.833333333333333,15,1,"N",1,1,1,1,1
1522161,1975058,"2025-2025_Regular_Session","2025-03-19","House Industries & Professional Activities Subcommittee",14,0,0,4,18,1,"H","Unlawful Demolition of Historical Buildings and Structures","H0717",2025,"https://legiscan.com/FL/bill/H0717/2025",0.777777777777778,14,1,"N",1,1,1,1,1
1522191,1964997,"2025-2025_Regular_Session","2025-03-18","Senate Appropriations Committee on Transportation, Tourism, and Economic Development",14,0,0,1,15,1,"S","Specialty License Plates/Miami Dade College and St. Petersburg College","S0620",2025,"https://legiscan.com/FL/bill/S0620/2025",0.933333333333333,14,1,"N",1,1,1,1,1
1522207,1986343,"2025-2025_Regular_Session","2025-03-19","Senate Transportation",9,0,0,0,9,1,"S","Special Mobile Equipment","S1502",2025,"https://legiscan.com/FL/bill/S1502/2025",1,9,1,"N",1,1,1,1,1
1522295,2009168,"2025-2025_Regular_Session","2025-03-20","Senate Appropriations",18,0,0,1,19,1,"S","Information Technology","S7026",2025,"https://legiscan.com/FL/bill/S7026/2025",0.947368421052632,18,1,"N",1,1,1,1,1
1522306,1980686,"2025-2025_Regular_Session","2025-03-20","House Education & Employment Committee",21,0,0,1,22,1,"H","Required Instruction in Cursive Writing","H0921",2025,"https://legiscan.com/FL/bill/H0921/2025",0.954545454545455,21,1,"N",1,1,1,1,1
1522326,1987683,"2025-2025_Regular_Session","2025-03-20","House Education & Employment Committee",19,0,0,3,22,1,"H","Juvenile Justice","H1405",2025,"https://legiscan.com/FL/bill/H1405/2025",0.863636363636364,19,1,"N",1,1,1,1,1
1522350,1946032,"2025-2025_Regular_Session","2025-03-20","Senate Fiscal Policy",19,0,0,0,19,1,"S","Interstate Compact on Educational Opportunity for Military Children","S0400",2025,"https://legiscan.com/FL/bill/S0400/2025",1,19,1,"N",1,1,1,1,1
1522359,1974703,"2025-2025_Regular_Session","2025-03-20","House State Affairs Committee",23,0,0,3,26,1,"H","Water Access Facilities","H0735",2025,"https://legiscan.com/FL/bill/H0735/2025",0.884615384615385,23,1,"N",1,1,1,1,1
1522372,1917016,"2025-2025_Regular_Session","2025-03-20","Senate Fiscal Policy",18,1,0,0,19,1,"S","Criminal Offenses Against Law Enforcement Officers and Other Personnel","S0234",2025,"https://legiscan.com/FL/bill/S0234/2025",0.947368421052632,19,0.947368421052632,"N",1,0.8,0.8,1,0.947368421052632
1522427,1919798,"2025-2025_Regular_Session","2025-03-20","House Judiciary Committee",16,3,0,4,23,1,"H","Criminal Offenses Against Law Enforcement Officers and Other Personnel","H0175",2025,"https://legiscan.com/FL/bill/H0175/2025",0.695652173913043,19,0.842105263157895,"N",1,0.4,0.6,1,0.894736842105263
1522430,1965140,"2025-2025_Regular_Session","2025-03-20","House State Affairs Committee",18,7,0,1,26,1,"H","Gulf of America","H0549",2025,"https://legiscan.com/FL/bill/H0549/2025",0.692307692307692,25,0.72,"N",1,0,1,1,1
1522434,1897165,"2025-2025_Regular_Session","2025-03-20","Senate Fiscal Policy",19,0,0,0,19,1,"S","Exceptional Student Education","S0102",2025,"https://legiscan.com/FL/bill/S0102/2025",1,19,1,"N",1,1,1,1,1
1522438,2008946,"2025-2025_Regular_Session","2025-03-20","Senate Appropriations",18,0,0,1,19,1,"S","State Planning and Budgeting","S7024",2025,"https://legiscan.com/FL/bill/S7024/2025",0.947368421052632,18,1,"N",1,1,1,1,1
1522441,1927121,"2025-2025_Regular_Session","2025-03-20","Senate Fiscal Policy",19,0,0,0,19,1,"S","Middle School and High School Start Times","S0296",2025,"https://legiscan.com/FL/bill/S0296/2025",1,19,1,"N",1,1,1,1,1
1522462,1982314,"2025-2025_Regular_Session","2025-03-20","House Judiciary Committee",21,0,0,2,23,1,"H","Carrying of Handguns or Weapons by Law Enforcement Officers Attending Athletic Events","H1021",2025,"https://legiscan.com/FL/bill/H1021/2025",0.91304347826087,21,1,"N",1,1,1,1,1
1522491,1946009,"2025-2025_Regular_Session","2025-03-20","House Judiciary Committee",20,0,0,3,23,1,"H","Boating Safety","H0289",2025,"https://legiscan.com/FL/bill/H0289/2025",0.869565217391304,20,1,"N",1,1,1,1,1
1522504,1984625,"2025-2025_Regular_Session","2025-03-20","House Ways & Means Committee",16,1,0,2,19,1,"H","Ad Valorem Tax Exemption","H1215",2025,"https://legiscan.com/FL/bill/H1215/2025",0.842105263157895,17,0.941176470588235,"N",1,0.75,0.75,1,0.941176470588235
1522509,1961673,"2025-2025_Regular_Session","2025-03-20","House Judiciary Committee",20,1,0,2,23,1,"H","Recovery of Damages for Medical Negligence Resulting in Death","H6017",2025,"https://legiscan.com/FL/bill/H6017/2025",0.869565217391304,21,0.952380952380952,"N",0.933333333333333,1,1,0.933333333333333,0.952380952380952
1522524,1975073,"2025-2025_Regular_Session","2025-03-20","House Judiciary Committee",16,6,0,1,23,1,"H","Minimum Age for Firearm Purchase or Transfer","H0759",2025,"https://legiscan.com/FL/bill/H0759/2025",0.695652173913043,22,0.727272727272727,"N",0.941176470588235,0,1,0.941176470588235,0.954545454545455
1522543,1986968,"2025-2025_Regular_Session","2025-03-20","House State Affairs Committee",17,8,0,1,26,1,"H","Succession to Office of Governor, Auditing, and Government Efficiency","H1325",2025,"https://legiscan.com/FL/bill/H1325/2025",0.653846153846154,25,0.68,"N",0.944444444444444,0,1,0.944444444444444,0.96
1522599,1983286,"2025-2025_Regular_Session","2025-03-20","House Ways & Means Committee",17,0,0,2,19,1,"H","Assessment of Homestead Property","H1041",2025,"https://legiscan.com/FL/bill/H1041/2025",0.894736842105263,17,1,"N",1,1,1,1,1
1522632,1908822,"2025-2025_Regular_Session","2025-03-20","Senate Appropriations",18,0,0,1,19,1,"S","Coverage for Diagnostic and Supplemental Breast Examinations","S0158",2025,"https://legiscan.com/FL/bill/S0158/2025",0.947368421052632,18,1,"N",1,1,1,1,1
1522676,1898257,"2025-2025_Regular_Session","2025-03-20","Senate Fiscal Policy",19,0,0,0,19,1,"S","Compensation of Victims of Wrongful Incarceration","S0130",2025,"https://legiscan.com/FL/bill/S0130/2025",1,19,1,"N",1,1,1,1,1
1522703,1967372,"2025-2025_Regular_Session","2025-03-20","House State Affairs Committee",16,7,0,3,26,1,"H","The Designation of the Gulf of Mexico","H0575",2025,"https://legiscan.com/FL/bill/H0575/2025",0.615384615384615,23,0.695652173913043,"N",1,0,1,1,1
1522720,1922014,"2025-2025_Regular_Session","2025-03-20","Senate Fiscal Policy",19,0,0,0,19,1,"S","Transportation Facility Designations/Harris Rosen Way and Geraldine Thompson Way","S0274",2025,"https://legiscan.com/FL/bill/S0274/2025",1,19,1,"N",1,1,1,1,1
1522774,1953445,"2025-2025_Regular_Session","2025-03-20","House State Affairs Committee",23,0,0,3,26,1,"H","Nature-based Methods for Improving Coastal Resilience","H0371",2025,"https://legiscan.com/FL/bill/H0371/2025",0.884615384615385,23,1,"N",1,1,1,1,1
1522796,1978070,"2025-2025_Regular_Session","2025-03-20","House Judiciary Committee",19,1,0,3,23,1,"H","Restrictions on Firearms and Ammunition During Emergencies","H6025",2025,"https://legiscan.com/FL/bill/H6025/2025",0.826086956521739,20,0.95,"N",1,0.8,0.8,1,0.95
1522798,1956326,"2025-2025_Regular_Session","2025-03-20","House Ways & Means Committee",17,0,0,2,19,1,"H","Affordable Property Ad Valorem Tax Exemption on Leased Land","H0411",2025,"https://legiscan.com/FL/bill/H0411/2025",0.894736842105263,17,1,"N",1,1,1,1,1
1522812,1983089,"2025-2025_Regular_Session","2025-03-20","House Ways & Means Committee",17,0,0,2,19,1,"H","Limitation on the Assessment of Homestead Property","H1039",2025,"https://legiscan.com/FL/bill/H1039/2025",0.894736842105263,17,1,"N",1,1,1,1,1
1522823,1901186,"2025-2025_Regular_Session","2025-03-20","Senate Fiscal Policy",18,1,0,0,19,1,"S","Driving and Boating Offenses","S0138",2025,"https://legiscan.com/FL/bill/S0138/2025",0.947368421052632,19,0.947368421052632,"N",1,0.8,0.8,1,0.947368421052632
1522839,1972698,"2025-2025_Regular_Session","2025-03-20","House Budget Committee",26,0,0,4,30,1,"H","State Group Insurance Program Coverage of Standard Fertility Preservation Services","H0677",2025,"https://legiscan.com/FL/bill/H0677/2025",0.866666666666667,26,1,"N",1,1,1,1,1
1522863,1897317,"2025-2025_Regular_Session","2025-03-20","House Budget Committee",26,0,0,4,30,1,"H","Compensation of Victims of Wrongful Incarceration","H0059",2025,"https://legiscan.com/FL/bill/H0059/2025",0.866666666666667,26,1,"N",1,1,1,1,1
1522906,1946447,"2025-2025_Regular_Session","2025-03-20","House Budget Committee",25,3,0,2,30,1,"H","Suits Against the Government","H0301",2025,"https://legiscan.com/FL/bill/H0301/2025",0.833333333333333,28,0.892857142857143,"N",0.85,1,1,0.85,0.892857142857143
1522945,1972165,"2025-2025_Regular_Session","2025-03-20","House Ways & Means Committee",17,0,0,2,19,1,"H","Lee County","H4025",2025,"https://legiscan.com/FL/bill/H4025/2025",0.894736842105263,17,1,"N",1,1,1,1,1
1522964,1981805,"2025-2025_Regular_Session","2025-03-20","House Insurance & Banking Subcommittee",16,0,0,2,18,1,"H","Gold and Silver Specie as Legal Tender","H0999",2025,"https://legiscan.com/FL/bill/H0999/2025",0.888888888888889,16,1,"N",1,1,1,1,1
1523003,1985026,"2025-2025_Regular_Session","2025-03-20","House Ways & Means Committee",13,4,0,2,19,1,"H","Local Option Taxes","H1221",2025,"https://legiscan.com/FL/bill/H1221/2025",0.684210526315789,17,0.764705882352941,"N",1,0,1,1,1
1523032,1987672,"2025-2025_Regular_Session","2025-03-20","House Health Professions & Programs Subcommittee",18,0,0,0,18,1,"H","Improving Screening for and Treatment of Blood Clots","H1421",2025,"https://legiscan.com/FL/bill/H1421/2025",1,18,1,"N",1,1,1,1,1
1523042,1988199,"2025-2025_Regular_Session","2025-03-20","House Civil Justice & Claims Subcommittee",17,0,0,1,18,1,"H","Attorney Fees and Costs for Motor Vehicle Personal Injury Protection Benefits","H1437",2025,"https://legiscan.com/FL/bill/H1437/2025",0.944444444444444,17,1,"N",1,1,1,1,1
1523061,1982813,"2025-2025_Regular_Session","2025-03-20","House Health Professions & Programs Subcommittee",17,0,0,1,18,1,"H","Newborn Screenings","H1089",2025,"https://legiscan.com/FL/bill/H1089/2025",0.944444444444444,17,1,"N",1,1,1,1,1
1523086,1970927,"2025-2025_Regular_Session","2025-03-20","House Ways & Means Committee",17,0,0,2,19,1,"H","Bermont Drainage District, Charlotte County","H4017",2025,"https://legiscan.com/FL/bill/H4017/2025",0.894736842105263,17,1,"N",1,1,1,1,1
1523115,1917097,"2025-2025_Regular_Session","2025-03-20","House Civil Justice & Claims Subcommittee",18,0,0,0,18,1,"H","Prohibited Practices in Consumer Debt Collection","H0147",2025,"https://legiscan.com/FL/bill/H0147/2025",1,18,1,"N",1,1,1,1,1
1523116,1986356,"2025-2025_Regular_Session","2025-03-20","House Health Professions & Programs Subcommittee",18,0,0,0,18,1,"H","Electronic Prescribing","H1297",2025,"https://legiscan.com/FL/bill/H1297/2025",1,18,1,"N",1,1,1,1,1
1523144,1985626,"2025-2025_Regular_Session","2025-03-20","House Insurance & Banking Subcommittee",15,0,0,3,18,1,"H","Insurance Claims Payments to Physicians","H1231",2025,"https://legiscan.com/FL/bill/H1231/2025",0.833333333333333,15,1,"N",1,1,1,1,1
1523197,1971907,"2025-2025_Regular_Session","2025-03-20","House State Affairs Committee",23,0,0,3,26,1,"H","North River Ranch Improvement Stewardship District, Manatee County","H4021",2025,"https://legiscan.com/FL/bill/H4021/2025",0.884615384615385,23,1,"N",1,1,1,1,1
1523199,1989093,"2025-2025_Regular_Session","2025-03-20","House Insurance & Banking Subcommittee",15,1,0,2,18,1,"H","Attorney Fee Awards in Insurance Actions","H1551",2025,"https://legiscan.com/FL/bill/H1551/2025",0.833333333333333,16,0.9375,"N",0.909090909090909,1,1,0.909090909090909,0.9375
1523234,1956390,"2025-2025_Regular_Session","2025-03-20","House Rules & Ethics Committee",16,0,0,2,18,1,"H","Ethics","H0399",2025,"https://legiscan.com/FL/bill/H0399/2025",0.888888888888889,16,1,"N",1,1,1,1,1
1523236,1926955,"2025-2025_Regular_Session","2025-03-20","House Civil Justice & Claims Subcommittee",18,0,0,0,18,1,"H","Relief/L.P./Department of Children and Families","H6511",2025,"https://legiscan.com/FL/bill/H6511/2025",1,18,1,"N",1,1,1,1,1
1523250,1987648,"2025-2025_Regular_Session","2025-03-20","House Insurance & Banking Subcommittee",15,1,0,2,18,1,"H","Framework for a Sovereign Wealth Fund","H4063",2025,"https://legiscan.com/FL/bill/H4063/2025",0.833333333333333,16,0.9375,"N",1,0.8,0.8,1,0.9375
1523281,1958842,"2025-2025_Regular_Session","2025-03-20","House Health Professions & Programs Subcommittee",12,6,0,0,18,1,"H","Optometry","H0449",2025,"https://legiscan.com/FL/bill/H0449/2025",0.666666666666667,18,0.666666666666667,"N",0.769230769230769,0.4,0.6,0.769230769230769,0.722222222222222
1523287,1975787,"2025-2025_Regular_Session","2025-03-20","House Civil Justice & Claims Subcommittee",15,0,0,3,18,1,"H","Relief/H.H./Department of Children and Families","H6531",2025,"https://legiscan.com/FL/bill/H6531/2025",0.833333333333333,15,1,"N",1,1,1,1,1
1523305,1982873,"2025-2025_Regular_Session","2025-03-20","House Health Professions & Programs Subcommittee",17,0,0,1,18,1,"H","Patient Access to Records","H1083",2025,"https://legiscan.com/FL/bill/H1083/2025",0.944444444444444,17,1,"N",1,1,1,1,1
1523312,1953674,"2025-2025_Regular_Session","2025-03-20","House Civil Justice & Claims Subcommittee",15,0,0,3,18,1,"H","Pub. Rec/Appellate Court Clerks","H0373",2025,"https://legiscan.com/FL/bill/H0373/2025",0.833333333333333,15,1,"N",1,1,1,1,1
1523315,1979933,"2025-2025_Regular_Session","2025-03-20","House Civil Justice & Claims Subcommittee",13,1,0,4,18,1,"H","Court-appointed Psychologists","H0901",2025,"https://legiscan.com/FL/bill/H0901/2025",0.722222222222222,14,0.928571428571429,"N",1,0.5,NA,1,1
1523318,1988985,"2025-2025_Regular_Session","2025-03-20","House Civil Justice & Claims Subcommittee",13,3,0,2,18,1,"H","Civil Liability for the Wrongful Death of an Unborn Child","H1517",2025,"https://legiscan.com/FL/bill/H1517/2025",0.722222222222222,16,0.8125,"N",1,0,1,1,1
1523323,1981258,"2025-2025_Regular_Session","2025-03-20","House Civil Justice & Claims Subcommittee",15,0,0,3,18,1,"H","Evidence of Damages to Prove Medical Expenses in Personal Injury or Wrongful Death Actions","H0947",2025,"https://legiscan.com/FL/bill/H0947/2025",0.833333333333333,15,1,"N",1,1,1,1,1
1523331,1989220,"2025-2025_Regular_Session","2025-03-20","House Insurance & Banking Subcommittee",14,0,0,4,18,1,"H","Financial Institutions","H1549",2025,"https://legiscan.com/FL/bill/H1549/2025",0.777777777777778,14,1,"N",1,1,1,1,1
1523354,1927876,"2025-2025_Regular_Session","2025-03-20","House Civil Justice & Claims Subcommittee",18,0,0,0,18,1,"H","Relief/Michael Barnett/Department of Children and Families","H6515",2025,"https://legiscan.com/FL/bill/H6515/2025",1,18,1,"N",1,1,1,1,1
1523406,1988190,"2025-2025_Regular_Session","2025-03-20","House State Affairs Committee",24,0,0,2,26,1,"H","City of Coral Springs and City of Parkland, Broward County","H4071",2025,"https://legiscan.com/FL/bill/H4071/2025",0.923076923076923,24,1,"N",1,1,1,1,1
1523411,1972091,"2025-2025_Regular_Session","2025-03-20","House Ways & Means Committee",17,0,0,2,19,1,"H","Unrated Bonds","H0669",2025,"https://legiscan.com/FL/bill/H0669/2025",0.894736842105263,17,1,"N",1,1,1,1,1
1523414,1986578,"2025-2025_Regular_Session","2025-03-20","House Budget Committee",27,0,0,3,30,1,"H","Trust Funds/Re-creation/Resilient Florida Trust Fund/DEP","H1313",2025,"https://legiscan.com/FL/bill/H1313/2025",0.9,27,1,"N",1,1,1,1,1
1523723,1984439,"2025-2025_Regular_Session","2025-03-20","House Civil Justice & Claims Subcommittee",14,2,0,2,18,1,"H","Florida Trust Code","H1173",2025,"https://legiscan.com/FL/bill/H1173/2025",0.777777777777778,16,0.875,"N",1,0.5,NA,1,1
1524034,1982451,"2025-2025_Regular_Session","2025-03-18","House Government Operations Subcommittee",15,0,0,4,19,1,"H","City Pension Fund for Firefighters and Police Officers in the City of Tampa, Hillsborough County","H4045",2025,"https://legiscan.com/FL/bill/H4045/2025",0.789473684210526,15,1,"N",1,1,1,1,1
1524068,1973452,"2025-2025_Regular_Session","2025-03-18","House Government Operations Subcommittee",14,0,0,5,19,1,"H","Noncriminal Traffic Infractions Causing Vehicle Crashes","H0699",2025,"https://legiscan.com/FL/bill/H0699/2025",0.736842105263158,14,1,"N",1,1,1,1,1
1524069,1985682,"2025-2025_Regular_Session","2025-03-18","House Student Academic Success Subcommittee",15,2,0,1,18,1,"H","Education","H1255",2025,"https://legiscan.com/FL/bill/H1255/2025",0.833333333333333,17,0.882352941176471,"N",1,0.6,0.6,1,0.882352941176471
1524080,1968330,"2025-2025_Regular_Session","2025-03-18","House Student Academic Success Subcommittee",16,0,0,2,18,1,"H","Children with Developmental Disabilities","H0591",2025,"https://legiscan.com/FL/bill/H0591/2025",0.888888888888889,16,1,"N",1,1,1,1,1
1524082,1972564,"2025-2025_Regular_Session","2025-03-18","House Government Operations Subcommittee",15,0,0,4,19,1,"H","Officers and Employees of North Springs Improvement District, Broward County","H4023",2025,"https://legiscan.com/FL/bill/H4023/2025",0.789473684210526,15,1,"N",1,1,1,1,1
1524093,1975159,"2025-2025_Regular_Session","2025-03-18","House Government Operations Subcommittee",17,0,0,2,19,1,"H","Benefits for Firefighters Injured During Training Exercises","H0749",2025,"https://legiscan.com/FL/bill/H0749/2025",0.894736842105263,17,1,"N",1,1,1,1,1
1524098,1942015,"2025-2025_Regular_Session","2025-03-18","House Government Operations Subcommittee",17,0,0,2,19,1,"H","Holocaust Remembrance Day","H0251",2025,"https://legiscan.com/FL/bill/H0251/2025",0.894736842105263,17,1,"N",1,1,1,1,1
1524108,1967198,"2025-2025_Regular_Session","2025-03-18","House Government Operations Subcommittee",16,0,0,3,19,1,"H","Registration of Agents and Organizations Associated with Foreign Nations","H0583",2025,"https://legiscan.com/FL/bill/H0583/2025",0.842105263157895,16,1,"N",1,1,1,1,1
1524110,1983785,"2025-2025_Regular_Session","2025-03-18","House Student Academic Success Subcommittee",15,0,0,3,18,1,"H","Mathematics Education Requirements","H1113",2025,"https://legiscan.com/FL/bill/H1113/2025",0.833333333333333,15,1,"N",1,1,1,1,1
1524112,1986709,"2025-2025_Regular_Session","2025-03-18","House Student Academic Success Subcommittee",15,0,0,3,18,1,"H","Reading Interventions and Instruction","H1309",2025,"https://legiscan.com/FL/bill/H1309/2025",0.833333333333333,15,1,"N",1,1,1,1,1
1524135,1974729,"2025-2025_Regular_Session","2025-03-18","House Government Operations Subcommittee",16,0,0,3,19,1,"H","Spectrum Alert","H0711",2025,"https://legiscan.com/FL/bill/H0711/2025",0.842105263157895,16,1,"N",1,1,1,1,1
1524139,1984070,"2025-2025_Regular_Session","2025-03-18","House Student Academic Success Subcommittee",16,0,0,2,18,1,"H","Electrocardiograms for Student Athletes","H1135",2025,"https://legiscan.com/FL/bill/H1135/2025",0.888888888888889,16,1,"N",1,1,1,1,1
1524265,1984840,"2025-2025_Regular_Session","2025-03-18","House Student Academic Success Subcommittee",15,0,0,3,18,1,"H","Student Online Personal Information Protection","H1223",2025,"https://legiscan.com/FL/bill/H1223/2025",0.833333333333333,15,1,"N",1,1,1,1,1
1524271,1958640,"2025-2025_Regular_Session","2025-03-18","House Government Operations Subcommittee",12,3,0,4,19,1,"H","Administrative Procedures","H0433",2025,"https://legiscan.com/FL/bill/H0433/2025",0.631578947368421,15,0.8,"N",1,0.25,0.75,1,0.933333333333333
1524528,1989093,"2025-2025_Regular_Session","2025-03-13","House Civil Justice & Claims Subcommittee",16,1,0,2,19,1,"H","Attorney Fee Awards in Insurance Actions","H1551",2025,"https://legiscan.com/FL/bill/H1551/2025",0.842105263157895,17,0.941176470588235,"N",0.916666666666667,1,1,0.916666666666667,0.941176470588235
1524529,1989093,"2025-2025_Regular_Session","2025-03-20","House Insurance & Banking Subcommittee",15,1,0,2,18,1,"H","Attorney Fee Awards in Insurance Actions","H1551",2025,"https://legiscan.com/FL/bill/H1551/2025",0.833333333333333,16,0.9375,"N",0.909090909090909,1,1,0.909090909090909,0.9375
1524796,1970006,"2025-2025_Regular_Session","2025-03-24","Senate Appropriations Committee on Transportation, Tourism, and Economic Development",14,0,0,1,15,1,"S","Transportation Facility Designations/Senator James A. Sebesta Memorial Highway","S0706",2025,"https://legiscan.com/FL/bill/S0706/2025",0.933333333333333,14,1,"N",1,1,1,1,1
1524901,1966658,"2025-2025_Regular_Session","2025-03-24","Senate Appropriations Committee on Transportation, Tourism, and Economic Development",14,0,0,1,15,1,"S","Transportation Facility Designations/Harry Frisch Street","S0662",2025,"https://legiscan.com/FL/bill/S0662/2025",0.933333333333333,14,1,"N",1,1,1,1,1
1525181,1975198,"2025-2025_Regular_Session","2025-03-24","House Health & Human Services Committee",26,0,0,1,27,1,"H","Type 1 Diabetes Early Detection Program","H0723",2025,"https://legiscan.com/FL/bill/H0723/2025",0.962962962962963,26,1,"N",1,1,1,1,1
1525194,1976646,"2025-2025_Regular_Session","2025-03-24","House Health & Human Services Committee",25,0,0,2,27,1,"H","Surrendered Infants","H0791",2025,"https://legiscan.com/FL/bill/H0791/2025",0.925925925925926,25,1,"N",1,1,1,1,1
1525209,1952078,"2025-2025_Regular_Session","2025-03-24","House Health & Human Services Committee",26,0,0,1,27,1,"H","Emergency Opioid Antagonists in Public K-12 Schools and Postsecondary Educational Institutions","H0355",2025,"https://legiscan.com/FL/bill/H0355/2025",0.962962962962963,26,1,"N",1,1,1,1,1
1525271,1979604,"2025-2025_Regular_Session","2025-03-24","Senate Appropriations Committee on Transportation, Tourism, and Economic Development",14,0,0,1,15,1,"S","Driver License Education Requirements","S0994",2025,"https://legiscan.com/FL/bill/S0994/2025",0.933333333333333,14,1,"N",1,1,1,1,1
1525277,1958912,"2025-2025_Regular_Session","2025-03-24","House Health & Human Services Committee",26,0,0,1,27,1,"H","Background Screening of Athletic Coaches","H0431",2025,"https://legiscan.com/FL/bill/H0431/2025",0.962962962962963,26,1,"N",1,1,1,1,1
1525306,1965336,"2025-2025_Regular_Session","2025-03-24","House Health & Human Services Committee",25,0,0,2,27,1,"H","Administration of Controlled Substances by Paramedics","H0519",2025,"https://legiscan.com/FL/bill/H0519/2025",0.925925925925926,25,1,"N",1,1,1,1,1
1525310,1980688,"2025-2025_Regular_Session","2025-03-24","House Health & Human Services Committee",25,0,0,2,27,1,"H","Florida Institute for Pediatric Rare Diseases","H0907",2025,"https://legiscan.com/FL/bill/H0907/2025",0.925925925925926,25,1,"N",1,1,1,1,1
1525327,1942658,"2025-2025_Regular_Session","2025-03-24","House Health & Human Services Committee",24,0,0,3,27,1,"H","Special Observances","H0259",2025,"https://legiscan.com/FL/bill/H0259/2025",0.888888888888889,24,1,"N",1,1,1,1,1
1525384,1983587,"2025-2025_Regular_Session","2025-03-24","House Health & Human Services Committee",26,0,0,1,27,1,"H","Health Care Patient Protection","H1119",2025,"https://legiscan.com/FL/bill/H1119/2025",0.962962962962963,26,1,"N",1,1,1,1,1
1525420,1971252,"2025-2025_Regular_Session","2025-03-24","House Health & Human Services Committee",18,7,0,2,27,1,"H","Autonomous Practice by a Certified Registered Nurse Anesthetist","H0649",2025,"https://legiscan.com/FL/bill/H0649/2025",0.666666666666667,25,0.72,"N",0.894736842105263,0.166666666666667,0.833333333333333,0.894736842105263,0.88
1525765,1963800,"2025-2025_Regular_Session","2025-03-24","House Commerce Committee",25,0,0,1,26,1,"H","Uniform Commercial Code","H0515",2025,"https://legiscan.com/FL/bill/H0515/2025",0.961538461538462,25,1,"N",1,1,1,1,1
1525776,1983449,"2025-2025_Regular_Session","2025-03-24","Senate Appropriations Committee on Criminal and Civil Justice",9,0,0,0,9,1,"S","Fraudulent Use of Gift Cards","S1198",2025,"https://legiscan.com/FL/bill/S1198/2025",1,9,1,"N",1,1,1,1,1
1525782,1968812,"2025-2025_Regular_Session","2025-03-04","House Education Administration Subcommittee",18,0,0,0,18,1,"H","Diabetes Management In Schools","H0597",2025,"https://legiscan.com/FL/bill/H0597/2025",1,18,1,"N",1,1,1,1,1
1525787,1942015,"2025-2025_Regular_Session","2025-03-11","House Student Academic Success Subcommittee",16,0,0,2,18,1,"H","Holocaust Remembrance Day","H0251",2025,"https://legiscan.com/FL/bill/H0251/2025",0.888888888888889,16,1,"N",1,1,1,1,1
1525793,1988120,"2025-2025_Regular_Session","2025-03-24","House Commerce Committee",24,0,0,2,26,1,"H","Rural Communities","H1427",2025,"https://legiscan.com/FL/bill/H1427/2025",0.923076923076923,24,1,"N",1,1,1,1,1
1525795,1985274,"2025-2025_Regular_Session","2025-03-25","House Information Technology Budget & Policy Subcommittee",14,2,0,2,18,1,"H","Cybersecurity Incident Liability","H1183",2025,"https://legiscan.com/FL/bill/H1183/2025",0.777777777777778,16,0.875,"N",1,0.5,NA,1,1
1525797,1907537,"2025-2025_Regular_Session","2025-03-04","House Education Administration Subcommittee",13,5,0,0,18,1,"H","Education","H0123",2025,"https://legiscan.com/FL/bill/H0123/2025",0.722222222222222,18,0.722222222222222,"N",1,0,1,1,1
1525800,1983681,"2025-2025_Regular_Session","2025-03-11","House Student Academic Success Subcommittee",17,0,0,1,18,1,"H","Certificates of Completion","H1111",2025,"https://legiscan.com/FL/bill/H1111/2025",0.944444444444444,17,1,"N",1,1,1,1,1
1525819,1957008,"2025-2025_Regular_Session","2025-03-11","House Student Academic Success Subcommittee",17,0,0,1,18,1,"H","Family Empowerment Scholarship Program","H0423",2025,"https://legiscan.com/FL/bill/H0423/2025",0.944444444444444,17,1,"N",1,1,1,1,1
1525820,1971107,"2025-2025_Regular_Session","2025-03-24","Senate Appropriations Committee on Criminal and Civil Justice",9,0,0,0,9,1,"S","Electronic Transmittal of Court Orders","S0774",2025,"https://legiscan.com/FL/bill/S0774/2025",1,9,1,"N",1,1,1,1,1
1525842,1951409,"2025-2025_Regular_Session","2025-03-25","House Agriculture & Natural Resources Budget Subcommittee",14,0,0,1,15,1,"H","Licensure Requirements for Surveyors and Mappers","H0339",2025,"https://legiscan.com/FL/bill/H0339/2025",0.933333333333333,14,1,"N",1,1,1,1,1
1525857,1980686,"2025-2025_Regular_Session","2025-03-11","House Student Academic Success Subcommittee",17,0,0,1,18,1,"H","Required Instruction in Cursive Writing","H0921",2025,"https://legiscan.com/FL/bill/H0921/2025",0.944444444444444,17,1,"N",1,1,1,1,1
1525873,1983455,"2025-2025_Regular_Session","2025-03-24","Senate Appropriations Committee on Criminal and Civil Justice",9,0,0,0,9,1,"S","Installation or Use of Tracking Devices or Applications","S1168",2025,"https://legiscan.com/FL/bill/S1168/2025",1,9,1,"N",1,1,1,1,1
1525877,1967060,"2025-2025_Regular_Session","2025-03-25","House Economic Infrastructure Subcommittee",16,0,0,2,18,1,"H","Transportation","H0567",2025,"https://legiscan.com/FL/bill/H0567/2025",0.888888888888889,16,1,"N",1,1,1,1,1
1525904,1984362,"2025-2025_Regular_Session","2025-03-24","Senate Appropriations Committee on Criminal and Civil Justice",9,0,0,0,9,1,"S","Harming or Neglecting Children","S1286",2025,"https://legiscan.com/FL/bill/S1286/2025",1,9,1,"N",1,1,1,1,1
1525914,1973373,"2025-2025_Regular_Session","2025-03-25","House Careers & Workforce Subcommittee",16,0,0,2,18,1,"H","Apprenticeship and Preapprenticeship Program Funding","H0681",2025,"https://legiscan.com/FL/bill/H0681/2025",0.888888888888889,16,1,"N",1,1,1,1,1
1525916,1973837,"2025-2025_Regular_Session","2025-03-25","Senate Environment and Natural Resources",8,0,0,1,9,1,"S","Former Phosphate Mining Lands","S0832",2025,"https://legiscan.com/FL/bill/S0832/2025",0.888888888888889,8,1,"N",1,1,1,1,1
1525929,1946221,"2025-2025_Regular_Session","2025-03-25","House Agriculture & Natural Resources Budget Subcommittee",14,0,0,1,15,1,"H","Comprehensive Waste Reduction and Recycling Plan","H0295",2025,"https://legiscan.com/FL/bill/H0295/2025",0.933333333333333,14,1,"N",1,1,1,1,1
1525932,1974680,"2025-2025_Regular_Session","2025-03-25","Senate Commerce and Tourism",7,2,0,0,9,1,"S","Social Media Use by Minors","S0868",2025,"https://legiscan.com/FL/bill/S0868/2025",0.777777777777778,9,0.777777777777778,"N",1,0.333333333333333,0.666666666666667,1,0.888888888888889
1525943,1985540,"2025-2025_Regular_Session","2025-03-25","House Economic Infrastructure Subcommittee",15,1,0,2,18,1,"H","Energy Infrastructure Investment","H1239",2025,"https://legiscan.com/FL/bill/H1239/2025",0.833333333333333,16,0.9375,"N",0.909090909090909,1,1,0.909090909090909,0.9375
1525944,1979078,"2025-2025_Regular_Session","2025-03-25","House Careers & Workforce Subcommittee",12,4,0,2,18,1,"H","Educator Preparation","H0875",2025,"https://legiscan.com/FL/bill/H0875/2025",0.666666666666667,16,0.75,"N",1,0,1,1,1
1525951,1973300,"2025-2025_Regular_Session","2025-03-24","Senate Appropriations Committee on Criminal and Civil Justice",9,0,0,0,9,1,"S","Florida Trust Code","S0806",2025,"https://legiscan.com/FL/bill/S0806/2025",1,9,1,"N",1,1,1,1,1
1525959,1901158,"2025-2025_Regular_Session","2025-03-04","House Education Administration Subcommittee",18,0,0,0,18,1,"H","Hazardous Walking Conditions","H0085",2025,"https://legiscan.com/FL/bill/H0085/2025",1,18,1,"N",1,1,1,1,1
1525971,1963769,"2025-2025_Regular_Session","2025-03-25","Senate Commerce and Tourism",8,1,0,0,9,1,"S","Wine Containers","S0578",2025,"https://legiscan.com/FL/bill/S0578/2025",0.888888888888889,9,0.888888888888889,"N",0.833333333333333,1,1,0.833333333333333,0.888888888888889
1525983,1970061,"2025-2025_Regular_Session","2025-03-25","Senate Commerce and Tourism",6,3,0,0,9,1,"S","Defamation, False Light, and Unauthorized Publication of Name or Likenesses","S0752",2025,"https://legiscan.com/FL/bill/S0752/2025",0.666666666666667,9,0.666666666666667,"N",1,0,1,1,1
1525997,1987215,"2025-2025_Regular_Session","2025-03-25","House Justice Budget Subcommittee",14,0,0,1,15,1,"H","Registration of Sexual Predators and Sexual Offenders","H1351",2025,"https://legiscan.com/FL/bill/H1351/2025",0.933333333333333,14,1,"N",1,1,1,1,1
1526000,1974796,"2025-2025_Regular_Session","2025-03-25","Senate Environment and Natural Resources",7,1,0,1,9,1,"S","Anchoring Limitation Areas","S0866",2025,"https://legiscan.com/FL/bill/S0866/2025",0.777777777777778,8,0.875,"N",1,0.5,NA,1,1
1526002,1988718,"2025-2025_Regular_Session","2025-03-25","Senate Commerce and Tourism",8,1,0,0,9,1,"S","Florida Kratom Consumer Protection Act","S1734",2025,"https://legiscan.com/FL/bill/S1734/2025",0.888888888888889,9,0.888888888888889,"N",1,0.666666666666667,0.666666666666667,1,0.888888888888889
1526013,1983822,"2025-2025_Regular_Session","2025-03-25","House Careers & Workforce Subcommittee",15,0,0,3,18,1,"H","Education","H1105",2025,"https://legiscan.com/FL/bill/H1105/2025",0.833333333333333,15,1,"N",1,1,1,1,1
1526030,1988768,"2025-2025_Regular_Session","2025-03-25","Senate Environment and Natural Resources",8,0,0,1,9,1,"S","Dry Sandy Beaches","S1792",2025,"https://legiscan.com/FL/bill/S1792/2025",0.888888888888889,8,1,"N",1,1,1,1,1
1526035,1974038,"2025-2025_Regular_Session","2025-03-25","Senate Commerce and Tourism",9,0,0,0,9,1,"S","Notary Public Fraud","S0846",2025,"https://legiscan.com/FL/bill/S0846/2025",1,9,1,"N",1,1,1,1,1
1526038,1987748,"2025-2025_Regular_Session","2025-03-25","House Economic Infrastructure Subcommittee",14,1,0,3,18,1,"H","Transportation","H1397",2025,"https://legiscan.com/FL/bill/H1397/2025",0.777777777777778,15,0.933333333333333,"N",1,0.5,NA,1,1
1526046,1973421,"2025-2025_Regular_Session","2025-03-25","Senate Commerce and Tourism",9,0,0,0,9,1,"S","Requirements for Battery Manufacturers","S0800",2025,"https://legiscan.com/FL/bill/S0800/2025",1,9,1,"N",1,1,1,1,1
1526069,1976189,"2025-2025_Regular_Session","2025-03-25","Senate Commerce and Tourism",5,4,0,0,9,1,"S","Employment of Minors","S0918",2025,"https://legiscan.com/FL/bill/S0918/2025",0.555555555555556,9,0.555555555555556,"N",0.833333333333333,0,1,0.833333333333333,0.888888888888889
1526075,1973264,"2025-2025_Regular_Session","2025-03-24","Senate Appropriations Committee on Transportation, Tourism, and Economic Development",14,0,0,1,15,1,"S","Stormwater Management Systems","S0810",2025,"https://legiscan.com/FL/bill/S0810/2025",0.933333333333333,14,1,"N",1,1,1,1,1
1526089,1977606,"2025-2025_Regular_Session","2025-03-25","House Agriculture & Natural Resources Budget Subcommittee",14,0,0,1,15,1,"H","Fish and Wildlife Conservation Commission Trust Funds","H0843",2025,"https://legiscan.com/FL/bill/H0843/2025",0.933333333333333,14,1,"N",1,1,1,1,1
1526120,1981199,"2025-2025_Regular_Session","2025-03-24","Senate Appropriations Committee on Pre-K - 12 Education",8,0,0,2,10,1,"S","Gulf of America","S1058",2025,"https://legiscan.com/FL/bill/S1058/2025",0.8,8,1,"N",1,1,1,1,1
1526127,1987565,"2025-2025_Regular_Session","2025-03-25","Senate Banking and Insurance",9,0,0,1,10,1,"S","Coverage for Mammograms and Supplemental Breast Cancer Screenings","S1578",2025,"https://legiscan.com/FL/bill/S1578/2025",0.9,9,1,"N",1,1,1,1,1
1526137,1985733,"2025-2025_Regular_Session","2025-03-24","Senate Appropriations Committee on Pre-K - 12 Education",7,1,0,2,10,1,"S","Public Records/School Security Guards","S1472",2025,"https://legiscan.com/FL/bill/S1472/2025",0.7,8,0.875,"N",0.833333333333333,1,1,0.833333333333333,0.875
1526143,1898338,"2025-2025_Regular_Session","2025-03-25","Senate Banking and Insurance",9,0,0,1,10,1,"S","Sales Tax Exemption of Bullion","S0134",2025,"https://legiscan.com/FL/bill/S0134/2025",0.9,9,1,"N",1,1,1,1,1
1526153,2010901,"2025-2025_Regular_Session","2025-03-25","House Economic Infrastructure Subcommittee",15,0,0,3,18,1,"H","OGSR/Public Safety Communication Systems","H7009",2025,"https://legiscan.com/FL/bill/H7009/2025",0.833333333333333,15,1,"N",1,1,1,1,1
1526157,1986891,"2025-2025_Regular_Session","2025-03-25","Senate Community Affairs",7,1,0,0,8,1,"S","Homestead Property Exemption and Assessment Limitations","S1510",2025,"https://legiscan.com/FL/bill/S1510/2025",0.875,8,0.875,"N",1,0.666666666666667,0.666666666666667,1,0.875
1526161,1896852,"2025-2025_Regular_Session","2025-03-25","Senate Community Affairs",5,3,0,0,8,1,"S","Display of Flags by Governmental Entities","S0100",2025,"https://legiscan.com/FL/bill/S0100/2025",0.625,8,0.625,"N",1,0,1,1,1
1526165,1987250,"2025-2025_Regular_Session","2025-03-25","Senate Environment and Natural Resources",8,0,0,1,9,1,"S","Infrastructure and Resiliency","S1580",2025,"https://legiscan.com/FL/bill/S1580/2025",0.888888888888889,8,1,"N",1,1,1,1,1
1526176,1984212,"2025-2025_Regular_Session","2025-03-25","Senate Environment and Natural Resources",8,0,0,1,9,1,"S","Areas of Critical State Concern","S1326",2025,"https://legiscan.com/FL/bill/S1326/2025",0.888888888888889,8,1,"N",1,1,1,1,1
1526178,1965119,"2025-2025_Regular_Session","2025-03-25","House Careers & Workforce Subcommittee",12,4,0,2,18,1,"H","Minimum Wage Requirements","H0541",2025,"https://legiscan.com/FL/bill/H0541/2025",0.666666666666667,16,0.75,"N",1,0,1,1,1
1526183,1988817,"2025-2025_Regular_Session","2025-03-25","House Government Operations Subcommittee",16,0,0,2,18,1,"H","Entities that Boycott Israel","H1519",2025,"https://legiscan.com/FL/bill/H1519/2025",0.888888888888889,16,1,"N",1,1,1,1,1
1526204,1970027,"2025-2025_Regular_Session","2025-03-25","Senate Community Affairs",7,0,0,1,8,1,"S","Homestead Property Exemption for the Surviving Spouses of Certain Quadriplegics","S0748",2025,"https://legiscan.com/FL/bill/S0748/2025",0.875,7,1,"N",1,1,1,1,1
1526207,1942124,"2025-2025_Regular_Session","2025-03-25","House Government Operations Subcommittee",18,0,0,0,18,1,"H","Offenses Involving Motor Vehicles","H0253",2025,"https://legiscan.com/FL/bill/H0253/2025",1,18,1,"N",1,1,1,1,1
1526208,1983199,"2025-2025_Regular_Session","2025-03-25","Senate Governmental Oversight and Accountability",7,0,0,1,8,1,"S","Benefits for Firefighters Injured During Training Exercises","S1202",2025,"https://legiscan.com/FL/bill/S1202/2025",0.875,7,1,"N",1,1,1,1,1
1526227,1984274,"2025-2025_Regular_Session","2025-03-25","House Economic Infrastructure Subcommittee",15,0,0,3,18,1,"H","Sewer Collection Systems","H1123",2025,"https://legiscan.com/FL/bill/H1123/2025",0.833333333333333,15,1,"N",1,1,1,1,1
1526233,1982681,"2025-2025_Regular_Session","2025-03-25","Senate Criminal Justice",9,0,0,0,9,1,"S","Age as an Element of a Criminal Offense","S1136",2025,"https://legiscan.com/FL/bill/S1136/2025",1,9,1,"N",1,1,1,1,1
1526248,1987696,"2025-2025_Regular_Session","2025-03-25","Senate Children, Families, and Elder Affairs",5,0,0,2,7,1,"S","Mental Health and Substance Use Disorders","S1620",2025,"https://legiscan.com/FL/bill/S1620/2025",0.714285714285714,5,1,"N",1,1,1,1,1
1526259,1977329,"2025-2025_Regular_Session","2025-03-25","Senate Environment and Natural Resources",8,0,0,1,9,1,"S","Waste Facilities","S0946",2025,"https://legiscan.com/FL/bill/S0946/2025",0.888888888888889,8,1,"N",1,1,1,1,1
1526265,1969068,"2025-2025_Regular_Session","2025-03-25","Senate Criminal Justice",9,0,0,0,9,1,"S","False Reporting","S0726",2025,"https://legiscan.com/FL/bill/S0726/2025",1,9,1,"N",1,1,1,1,1
1526267,1987715,"2025-2025_Regular_Session","2025-03-25","House Government Operations Subcommittee",10,7,0,1,18,1,"H","Public Employees Relations Commisson","H1387",2025,"https://legiscan.com/FL/bill/H1387/2025",0.555555555555556,17,0.588235294117647,"N",0.769230769230769,0,1,0.769230769230769,0.823529411764706
1526288,1986371,"2025-2025_Regular_Session","2025-03-25","Senate Community Affairs",7,1,0,0,8,1,"S","Property Tax Exemption and Assessment Limitation on Long-term Leased Property","S1512",2025,"https://legiscan.com/FL/bill/S1512/2025",0.875,8,0.875,"N",1,0.666666666666667,0.666666666666667,1,0.875
1526298,1988863,"2025-2025_Regular_Session","2025-03-25","Senate Governmental Oversight and Accountability",7,0,0,1,8,1,"S","Public Officers and Employees","S1760",2025,"https://legiscan.com/FL/bill/S1760/2025",0.875,7,1,"N",1,1,1,1,1
1526301,1909031,"2025-2025_Regular_Session","2025-03-25","House PreK-12 Budget Subcommittee",15,0,0,0,15,1,"H","Exceptional Student Education","H0127",2025,"https://legiscan.com/FL/bill/H0127/2025",1,15,1,"N",1,1,1,1,1
1526302,1946184,"2025-2025_Regular_Session","2025-03-24","House Commerce Committee",25,0,0,1,26,1,"H","Elevator Accessibility Requirements","H0299",2025,"https://legiscan.com/FL/bill/H0299/2025",0.961538461538462,25,1,"N",1,1,1,1,1
1526308,1987803,"2025-2025_Regular_Session","2025-03-25","Senate Criminal Justice",5,2,0,2,9,1,"S","Corrections","S1604",2025,"https://legiscan.com/FL/bill/S1604/2025",0.555555555555556,7,0.714285714285714,"N",0.75,0.666666666666667,0.666666666666667,0.75,0.714285714285714
1526316,1946071,"2025-2025_Regular_Session","2025-03-25","House Government Operations Subcommittee",18,0,0,0,18,1,"H","Office of Faith and Community","H0293",2025,"https://legiscan.com/FL/bill/H0293/2025",1,18,1,"N",1,1,1,1,1
1526324,1986443,"2025-2025_Regular_Session","2025-03-25","Senate Education Pre-K - 12",9,0,0,0,9,1,"S","Anaphylaxis in Public Schools","S1514",2025,"https://legiscan.com/FL/bill/S1514/2025",1,9,1,"N",1,1,1,1,1
1526337,1982412,"2025-2025_Regular_Session","2025-03-25","Senate Agriculture",5,0,0,1,6,1,"S","Consumers' Right to Repair Certain Equipment","S1132",2025,"https://legiscan.com/FL/bill/S1132/2025",0.833333333333333,5,1,"N",1,1,1,1,1
1526344,1982957,"2025-2025_Regular_Session","2025-03-25","Senate Criminal Justice",9,0,0,0,9,1,"S","Sexual Images","S1180",2025,"https://legiscan.com/FL/bill/S1180/2025",1,9,1,"N",1,1,1,1,1
1526360,1967165,"2025-2025_Regular_Session","2025-03-25","Senate Community Affairs",8,0,0,0,8,1,"S","Bonuses for Employees of County Tax Collectors and Property Appraisers","S0674",2025,"https://legiscan.com/FL/bill/S0674/2025",1,8,1,"N",1,1,1,1,1
1526362,1948551,"2025-2025_Regular_Session","2025-03-25","House Economic Infrastructure Subcommittee",16,0,0,2,18,1,"H","Toll Exemptions for Purple Heart Medal Recipients","H0313",2025,"https://legiscan.com/FL/bill/H0313/2025",0.888888888888889,16,1,"N",1,1,1,1,1
1526366,1927298,"2025-2025_Regular_Session","2025-03-25","Senate Governmental Oversight and Accountability",6,0,0,2,8,1,"S","Florida Institute for Human and Machine Cognition, Inc.","S0312",2025,"https://legiscan.com/FL/bill/S0312/2025",0.75,6,1,"N",1,1,1,1,1
1526371,1967866,"2025-2025_Regular_Session","2025-03-25","Senate Governmental Oversight and Accountability",5,1,0,2,8,1,"S","Minimum Wage Requirements","S0676",2025,"https://legiscan.com/FL/bill/S0676/2025",0.625,6,0.833333333333333,"N",1,0,1,1,1
1526374,1988278,"2025-2025_Regular_Session","2025-03-25","House Human Services Subcommittee",17,0,0,1,18,1,"H","Mental Health and Substance Use Disorders","H1439",2025,"https://legiscan.com/FL/bill/H1439/2025",0.944444444444444,17,1,"N",1,1,1,1,1
1526375,1975187,"2025-2025_Regular_Session","2025-03-25","Senate Environment and Natural Resources",8,0,0,1,9,1,"S","Designation of the State Birds","S0880",2025,"https://legiscan.com/FL/bill/S0880/2025",0.888888888888889,8,1,"N",1,1,1,1,1
1526376,1953324,"2025-2025_Regular_Session","2025-03-25","Senate Criminal Justice",9,0,0,0,9,1,"S","Fleeing or Attempting to Elude a Law Enforcement Officer","S0468",2025,"https://legiscan.com/FL/bill/S0468/2025",1,9,1,"N",1,1,1,1,1
1526379,1886200,"2025-2025_Regular_Session","2025-03-25","Senate Community Affairs",8,0,0,0,8,1,"S","Relief of J.N., a Minor, by Hillsborough County","S0020",2025,"https://legiscan.com/FL/bill/S0020/2025",1,8,1,"N",1,1,1,1,1
1526405,1973193,"2025-2025_Regular_Session","2025-03-25","House Government Operations Subcommittee",18,0,0,0,18,1,"H","Greater Naples Fire Rescue District; Collier County","H4029",2025,"https://legiscan.com/FL/bill/H4029/2025",1,18,1,"N",1,1,1,1,1
1526409,1985410,"2025-2025_Regular_Session","2025-03-25","Senate Criminal Justice",9,0,0,0,9,1,"S","Assault or Battery on a Utility Worker","S1386",2025,"https://legiscan.com/FL/bill/S1386/2025",1,9,1,"N",1,1,1,1,1
1526421,1886148,"2025-2025_Regular_Session","2025-03-25","Senate Judiciary",10,1,0,0,11,1,"S","Relief of Patricia Ermini by the Lee County Sheriff's Office","S0004",2025,"https://legiscan.com/FL/bill/S0004/2025",0.909090909090909,11,0.909090909090909,"N",0.875,1,1,0.875,0.909090909090909
1526426,1943724,"2025-2025_Regular_Session","2025-03-25","Senate Judiciary",11,0,0,0,11,1,"S","Rent of Affordable Housing Dwelling Units","S0382",2025,"https://legiscan.com/FL/bill/S0382/2025",1,11,1,"N",1,1,1,1,1
1526429,1985481,"2025-2025_Regular_Session","2025-03-25","Senate Criminal Justice",9,0,0,0,9,1,"S","Juvenile Justice","S1344",2025,"https://legiscan.com/FL/bill/S1344/2025",1,9,1,"N",1,1,1,1,1
1526438,1988775,"2025-2025_Regular_Session","2025-03-25","Senate Regulated Industries",8,0,0,1,9,1,"S","Condominium and Cooperative Associations","S1742",2025,"https://legiscan.com/FL/bill/S1742/2025",0.888888888888889,8,1,"N",1,1,1,1,1
1526458,1964855,"2025-2025_Regular_Session","2025-03-25","Senate Regulated Industries",8,0,0,1,9,1,"S","Jai Alai Permitholders","S0622",2025,"https://legiscan.com/FL/bill/S0622/2025",0.888888888888889,8,1,"N",1,1,1,1,1
1526463,1984155,"2025-2025_Regular_Session","2025-03-25","Senate Education Pre-K - 12",5,4,0,0,9,1,"S","Parental Rights","S1288",2025,"https://legiscan.com/FL/bill/S1288/2025",0.555555555555556,9,0.555555555555556,"N",0.833333333333333,0,1,0.833333333333333,0.888888888888889
1526469,1984138,"2025-2025_Regular_Session","2025-03-25","Senate Environment and Natural Resources",7,0,0,2,9,1,"S","Permits for Drilling, Exploration, and Extraction of Oil and Gas Resources","S1300",2025,"https://legiscan.com/FL/bill/S1300/2025",0.777777777777778,7,1,"N",1,1,1,1,1
1526481,1988213,"2025-2025_Regular_Session","2025-03-25","Senate Criminal Justice",9,0,0,0,9,1,"S","Prostitution and Related Acts","S1660",2025,"https://legiscan.com/FL/bill/S1660/2025",1,9,1,"N",1,1,1,1,1
1526492,1956161,"2025-2025_Regular_Session","2025-03-25","Senate Criminal Justice",9,0,0,0,9,1,"S","Aggravated Animal Cruelty","S0494",2025,"https://legiscan.com/FL/bill/S0494/2025",1,9,1,"N",1,1,1,1,1
1526495,1973795,"2025-2025_Regular_Session","2025-03-25","Senate Criminal Justice",3,4,0,2,9,0,"S","Weapons or Firearms at School-sponsored Events or on School Property","S0814",2025,"https://legiscan.com/FL/bill/S0814/2025",0.333333333333333,7,0.428571428571429,"N",0.75,0,1,0.75,0.857142857142857
1526497,1973172,"2025-2025_Regular_Session","2025-03-25","Senate Banking and Insurance",9,0,0,1,10,1,"S","Mandatory Human Reviews of Insurance Claim Denials","S0794",2025,"https://legiscan.com/FL/bill/S0794/2025",0.9,9,1,"N",1,1,1,1,1
1526505,1989117,"2025-2025_Regular_Session","2025-03-25","Senate Criminal Justice",8,1,0,0,9,1,"S","Trespass","S1828",2025,"https://legiscan.com/FL/bill/S1828/2025",0.888888888888889,9,0.888888888888889,"N",1,0.666666666666667,0.666666666666667,1,0.888888888888889
1526509,1886332,"2025-2025_Regular_Session","2025-03-25","Senate Judiciary",10,1,0,0,11,1,"S","Relief of Jose Correa by Miami-Dade County","S0006",2025,"https://legiscan.com/FL/bill/S0006/2025",0.909090909090909,11,0.909090909090909,"N",0.875,1,1,0.875,0.909090909090909
1526513,1982852,"2025-2025_Regular_Session","2025-03-25","House Government Operations Subcommittee",16,0,0,2,18,1,"H","Florida State University College of Law Election Law Center","H1055",2025,"https://legiscan.com/FL/bill/H1055/2025",0.888888888888889,16,1,"N",1,1,1,1,1
1526551,1963657,"2025-2025_Regular_Session","2025-03-25","Senate Governmental Oversight and Accountability",6,0,0,2,8,1,"S","Unlawful Demolition of Historical Buildings and Structures","S0582",2025,"https://legiscan.com/FL/bill/S0582/2025",0.75,6,1,"N",1,1,1,1,1
1526559,1957189,"2025-2025_Regular_Session","2025-03-25","Senate Criminal Justice",9,0,0,0,9,1,"S","Spectrum Alert","S0500",2025,"https://legiscan.com/FL/bill/S0500/2025",1,9,1,"N",1,1,1,1,1
1526561,1983210,"2025-2025_Regular_Session","2025-03-24","Senate Appropriations Committee on Higher Education",8,0,0,0,8,1,"S","Insurance Research","S0114",2025,"https://legiscan.com/FL/bill/S0114/2025",1,8,1,"N",1,1,1,1,1
1526565,1886121,"2025-2025_Regular_Session","2025-03-25","Senate Judiciary",10,0,0,1,11,1,"S","Relief of Mande Penney-Lemmon by Sarasota County","S0024",2025,"https://legiscan.com/FL/bill/S0024/2025",0.909090909090909,10,1,"N",1,1,1,1,1
1526572,1964918,"2025-2025_Regular_Session","2025-03-25","Senate Criminal Justice",9,0,0,0,9,1,"S","Murder","S0612",2025,"https://legiscan.com/FL/bill/S0612/2025",1,9,1,"N",1,1,1,1,1
1526591,1886227,"2025-2025_Regular_Session","2025-03-25","Senate Community Affairs",8,0,0,0,8,1,"S","Relief of the Estate of Peniel Janvier by the City of Miami Beach","S0014",2025,"https://legiscan.com/FL/bill/S0014/2025",1,8,1,"N",1,1,1,1,1
1526608,1885934,"2025-2025_Regular_Session","2025-03-25","Senate Judiciary",10,0,0,1,11,1,"S","Relief of Darline Angervil and J.R. by the South Broward Hospital District","S0028",2025,"https://legiscan.com/FL/bill/S0028/2025",0.909090909090909,10,1,"N",1,1,1,1,1
1526610,1987641,"2025-2025_Regular_Session","2025-03-25","Senate Judiciary",9,2,0,0,11,1,"S","Recreational Customary use of Beaches","S1622",2025,"https://legiscan.com/FL/bill/S1622/2025",0.818181818181818,11,0.818181818181818,"N",0.75,1,1,0.75,0.818181818181818
1526618,1963907,"2025-2025_Regular_Session","2025-03-25","House Human Services Subcommittee",17,0,0,1,18,1,"H","Specific Medical Diagnoses in Child Protective Investigations","H0511",2025,"https://legiscan.com/FL/bill/H0511/2025",0.944444444444444,17,1,"N",1,1,1,1,1
1526619,1979058,"2025-2025_Regular_Session","2025-03-25","Senate Criminal Justice",9,0,0,0,9,1,"S","Objective Parole Guidelines","S0964",2025,"https://legiscan.com/FL/bill/S0964/2025",1,9,1,"N",1,1,1,1,1
1526622,1964335,"2025-2025_Regular_Session","2025-03-25","Senate Regulated Industries",8,0,0,1,9,1,"S","My Safe Florida Condominium Pilot Program","S0592",2025,"https://legiscan.com/FL/bill/S0592/2025",0.888888888888889,8,1,"N",1,1,1,1,1
1526626,1958771,"2025-2025_Regular_Session","2025-03-25","Senate Transportation",8,0,0,1,9,1,"S","Toll Payments","S0532",2025,"https://legiscan.com/FL/bill/S0532/2025",0.888888888888889,8,1,"N",1,1,1,1,1
1526649,1927986,"2025-2025_Regular_Session","2025-03-25","Senate Judiciary",11,0,0,0,11,1,"S","Specific Medical Diagnoses in Child Protective Investigations","S0304",2025,"https://legiscan.com/FL/bill/S0304/2025",1,11,1,"N",1,1,1,1,1
1526657,1984396,"2025-2025_Regular_Session","2025-03-25","House Natural Resources & Disasters Subcommittee",16,0,0,2,18,1,"H","Permits for Drilling, Exploration, and Extraction of Oil and Gas Resources","H1143",2025,"https://legiscan.com/FL/bill/H1143/2025",0.888888888888889,16,1,"N",1,1,1,1,1
1526662,1975721,"2025-2025_Regular_Session","2025-03-25","Senate Banking and Insurance",9,0,0,1,10,1,"S","Consumer Transparency for Homeowners' Insurance","S0888",2025,"https://legiscan.com/FL/bill/S0888/2025",0.9,9,1,"N",1,1,1,1,1
1526664,1952247,"2025-2025_Regular_Session","2025-03-25","House Government Operations Subcommittee",15,1,0,2,18,1,"H","Traffic Infractions","H0351",2025,"https://legiscan.com/FL/bill/H0351/2025",0.833333333333333,16,0.9375,"N",1,0.75,0.75,1,0.9375
1526666,1973861,"2025-2025_Regular_Session","2025-03-25","Senate Regulated Industries",8,0,0,1,9,1,"S","Utility Relocation","S0818",2025,"https://legiscan.com/FL/bill/S0818/2025",0.888888888888889,8,1,"N",1,1,1,1,1
1526668,1985637,"2025-2025_Regular_Session","2025-03-24","Senate Appropriations Committee on Pre-K - 12 Education",8,0,0,2,10,1,"S","School Safety","S1470",2025,"https://legiscan.com/FL/bill/S1470/2025",0.8,8,1,"N",1,1,1,1,1
1526673,1988101,"2025-2025_Regular_Session","2025-03-25","Senate Transportation",8,0,0,1,9,1,"S","Prearranged Transportation Services","S1696",2025,"https://legiscan.com/FL/bill/S1696/2025",0.888888888888889,8,1,"N",1,1,1,1,1
1526696,1982673,"2025-2025_Regular_Session","2025-03-25","House Human Services Subcommittee",17,0,0,1,18,1,"H","Crisis Care Coordination","H1013",2025,"https://legiscan.com/FL/bill/H1013/2025",0.944444444444444,17,1,"N",1,1,1,1,1
1526735,1985598,"2025-2025_Regular_Session","2025-03-25","Senate Judiciary",11,0,0,0,11,1,"S","Postjudgment Execution Proceedings Relating to Terrorism","S1430",2025,"https://legiscan.com/FL/bill/S1430/2025",1,11,1,"N",1,1,1,1,1
1526743,1974884,"2025-2025_Regular_Session","2025-03-25","House Government Operations Subcommittee",14,4,0,0,18,1,"H","Standardized Tests for Admission to Medical Institutions of Higher Education","H0731",2025,"https://legiscan.com/FL/bill/H0731/2025",0.777777777777778,18,0.777777777777778,"N",0.923076923076923,0.4,0.6,0.923076923076923,0.833333333333333
1526762,1988316,"2025-2025_Regular_Session","2025-03-25","Senate Regulated Industries",8,0,0,1,9,1,"S","First Responders","S1682",2025,"https://legiscan.com/FL/bill/S1682/2025",0.888888888888889,8,1,"N",1,1,1,1,1
1526768,1979491,"2025-2025_Regular_Session","2025-03-25","House Student Academic Success Subcommittee",15,0,0,3,18,1,"H","School Readiness Program","H0877",2025,"https://legiscan.com/FL/bill/H0877/2025",0.833333333333333,15,1,"N",1,1,1,1,1
1526769,1987348,"2025-2025_Regular_Session","2025-03-25","House PreK-12 Budget Subcommittee",13,0,0,2,15,1,"H","School Attendance","H1367",2025,"https://legiscan.com/FL/bill/H1367/2025",0.866666666666667,13,1,"N",1,1,1,1,1
1526773,1983681,"2025-2025_Regular_Session","2025-03-25","House PreK-12 Budget Subcommittee",15,0,0,0,15,1,"H","Certificates of Completion","H1111",2025,"https://legiscan.com/FL/bill/H1111/2025",1,15,1,"N",1,1,1,1,1
1526780,1951551,"2025-2025_Regular_Session","2025-03-25","House Student Academic Success Subcommittee",16,0,0,2,18,1,"H","Student Elopement","H0345",2025,"https://legiscan.com/FL/bill/H0345/2025",0.888888888888889,16,1,"N",1,1,1,1,1
1526782,1984523,"2025-2025_Regular_Session","2025-03-25","Senate Children, Families, and Elder Affairs",5,0,0,2,7,1,"S","Behavioral Health Managing Entities","S1354",2025,"https://legiscan.com/FL/bill/S1354/2025",0.714285714285714,5,1,"N",1,1,1,1,1
1526793,1983528,"2025-2025_Regular_Session","2025-03-25","Senate Transportation",8,0,0,1,9,1,"S","Traffic Infractions Resulting in a Crash with Another Vehicle","S1210",2025,"https://legiscan.com/FL/bill/S1210/2025",0.888888888888889,8,1,"N",1,1,1,1,1
1526796,1974117,"2025-2025_Regular_Session","2025-03-25","Senate Commerce and Tourism",9,0,0,0,9,1,"S","Consumer Protection","S0854",2025,"https://legiscan.com/FL/bill/S0854/2025",1,9,1,"N",1,1,1,1,1
1526798,1988684,"2025-2025_Regular_Session","2025-03-25","Senate Governmental Oversight and Accountability",5,2,0,1,8,1,"S","Gender Identity Employment Practices","S0440",2025,"https://legiscan.com/FL/bill/S0440/2025",0.625,7,0.714285714285714,"N",1,0,1,1,1
1526801,1982584,"2025-2025_Regular_Session","2025-03-25","Senate Judiciary",11,0,0,0,11,1,"S","Release of Conservation Easements","S1142",2025,"https://legiscan.com/FL/bill/S1142/2025",1,11,1,"N",1,1,1,1,1
1526811,1984167,"2025-2025_Regular_Session","2025-03-25","House Natural Resources & Disasters Subcommittee",16,0,0,2,18,1,"H","Fish and Wildlife Conservation Commission","H1133",2025,"https://legiscan.com/FL/bill/H1133/2025",0.888888888888889,16,1,"N",1,1,1,1,1
1526823,1893312,"2025-2025_Regular_Session","2025-03-25","Senate Judiciary",11,0,0,0,11,1,"S","Use of Campaign Funds for Child Care Expenses","S0072",2025,"https://legiscan.com/FL/bill/S0072/2025",1,11,1,"N",1,1,1,1,1
1526830,1942335,"2025-2025_Regular_Session","2025-03-25","House Student Academic Success Subcommittee",15,0,0,3,18,1,"H","Exceptional Students and Video Cameras in Public Schools","H0257",2025,"https://legiscan.com/FL/bill/H0257/2025",0.833333333333333,15,1,"N",1,1,1,1,1
1526844,1986439,"2025-2025_Regular_Session","2025-03-25","House Natural Resources & Disasters Subcommittee",16,0,0,2,18,1,"H","Disposition of Migrant Vessels","H1285",2025,"https://legiscan.com/FL/bill/H1285/2025",0.888888888888889,16,1,"N",1,1,1,1,1
1526854,1984295,"2025-2025_Regular_Session","2025-03-25","House Natural Resources & Disasters Subcommittee",15,1,0,2,18,1,"H","Vessel Accountability","H1149",2025,"https://legiscan.com/FL/bill/H1149/2025",0.833333333333333,16,0.9375,"N",1,0.8,0.8,1,0.9375
1526855,1886175,"2025-2025_Regular_Session","2025-03-25","Senate Judiciary",10,0,0,1,11,1,"S","Relief of the Estate of M.N. by the Broward County Sheriff's Office","S0030",2025,"https://legiscan.com/FL/bill/S0030/2025",0.909090909090909,10,1,"N",1,1,1,1,1
1526857,1976850,"2025-2025_Regular_Session","2025-03-25","House Natural Resources & Disasters Subcommittee",13,3,0,2,18,1,"H","No Anchoring or Mooring Zones","H0795",2025,"https://legiscan.com/FL/bill/H0795/2025",0.722222222222222,16,0.8125,"N",1,0.4,0.6,1,0.875
1526859,1896450,"2025-2025_Regular_Session","2025-03-25","Senate Judiciary",10,1,0,0,11,1,"S","Relief of Jacob Rodgers by the City of Gainesville","S0096",2025,"https://legiscan.com/FL/bill/S0096/2025",0.909090909090909,11,0.909090909090909,"N",0.875,1,1,0.875,0.909090909090909
1526861,1988328,"2025-2025_Regular_Session","2025-03-25","House Government Operations Subcommittee",17,0,0,1,18,1,"H","Leon County Career Services Employment Act","H4073",2025,"https://legiscan.com/FL/bill/H4073/2025",0.944444444444444,17,1,"N",1,1,1,1,1
1526865,1984979,"2025-2025_Regular_Session","2025-03-25","Senate Regulated Industries",8,0,0,1,9,1,"S","Gambling","S1404",2025,"https://legiscan.com/FL/bill/S1404/2025",0.888888888888889,8,1,"N",1,1,1,1,1
1527026,1984946,"2025-2025_Regular_Session","2025-03-25","Senate Environment and Natural Resources",8,0,0,1,9,1,"S","Vessels","S1388",2025,"https://legiscan.com/FL/bill/S1388/2025",0.888888888888889,8,1,"N",1,1,1,1,1
1527037,1988908,"2025-2025_Regular_Session","2025-03-25","Senate Environment and Natural Resources",8,0,0,1,9,1,"S","Sewer Collection Systems","S1784",2025,"https://legiscan.com/FL/bill/S1784/2025",0.888888888888889,8,1,"N",1,1,1,1,1
1527079,1982781,"2025-2025_Regular_Session","2025-03-25","Senate Regulated Industries",8,0,0,1,9,1,"S","Spring Restoration","S1228",2025,"https://legiscan.com/FL/bill/S1228/2025",0.888888888888889,8,1,"N",1,1,1,1,1
1527095,1988622,"2025-2025_Regular_Session","2025-03-25","Senate Transportation",8,0,0,1,9,1,"S","Transportation Concurrency","S1738",2025,"https://legiscan.com/FL/bill/S1738/2025",0.888888888888889,8,1,"N",1,1,1,1,1
1527126,1966032,"2025-2025_Regular_Session","2025-03-25","Senate Judiciary",10,0,0,1,11,1,"S","Waiver or Release of Liens","S0658",2025,"https://legiscan.com/FL/bill/S0658/2025",0.909090909090909,10,1,"N",1,1,1,1,1
1527136,1958981,"2025-2025_Regular_Session","2025-03-25","House Student Academic Success Subcommittee",17,0,0,1,18,1,"H","Disability History and Awareness Instruction","H0447",2025,"https://legiscan.com/FL/bill/H0447/2025",0.944444444444444,17,1,"N",1,1,1,1,1
1527139,1979819,"2025-2025_Regular_Session","2025-03-25","House Government Operations Subcommittee",18,0,0,0,18,1,"H","Driver License Education Requirements","H0889",2025,"https://legiscan.com/FL/bill/H0889/2025",1,18,1,"N",1,1,1,1,1
1527213,1983670,"2025-2025_Regular_Session","2025-03-25","Senate Transportation",8,0,0,1,9,1,"S","Specialty License Plates/Save Coastal Wildlife","S1246",2025,"https://legiscan.com/FL/bill/S1246/2025",0.888888888888889,8,1,"N",1,1,1,1,1
1527215,1966426,"2025-2025_Regular_Session","2025-03-25","Senate Health Policy",10,0,0,0,10,1,"S","Health Care Billing and Collection Activities","S0656",2025,"https://legiscan.com/FL/bill/S0656/2025",1,10,1,"N",1,1,1,1,1
1527221,1987578,"2025-2025_Regular_Session","2025-03-25","Senate Health Policy",7,3,0,0,10,1,"S","Electronic Prescribing","S1568",2025,"https://legiscan.com/FL/bill/S1568/2025",0.7,10,0.7,"N",0.857142857142857,0.333333333333333,0.666666666666667,0.857142857142857,0.8
1527245,1988251,"2025-2025_Regular_Session","2025-03-25","Senate Transportation",7,0,0,2,9,1,"S","Transportation","S1662",2025,"https://legiscan.com/FL/bill/S1662/2025",0.777777777777778,7,1,"N",1,1,1,1,1
1527246,1977478,"2025-2025_Regular_Session","2025-03-25","Senate Regulated Industries",8,0,0,1,9,1,"S","Flood Disclosures","S0948",2025,"https://legiscan.com/FL/bill/S0948/2025",0.888888888888889,8,1,"N",1,1,1,1,1
1527273,1956326,"2025-2025_Regular_Session","2025-03-25","House Housing, Agriculture & Tourism Subcommittee",16,0,0,2,18,1,"H","Affordable Property Ad Valorem Tax Exemption on Leased Land","H0411",2025,"https://legiscan.com/FL/bill/H0411/2025",0.888888888888889,16,1,"N",1,1,1,1,1
1527296,1959191,"2025-2025_Regular_Session","2025-03-25","Senate Health Policy",10,0,0,0,10,1,"S","Newborn Screenings","S0524",2025,"https://legiscan.com/FL/bill/S0524/2025",1,10,1,"N",1,1,1,1,1
1527304,1988803,"2025-2025_Regular_Session","2025-03-26","House Health Care Budget Subcommittee",12,0,0,3,15,1,"H","Home Health Aide for Medically Fragile Children Program","H1529",2025,"https://legiscan.com/FL/bill/H1529/2025",0.8,12,1,"N",1,1,1,1,1
1527307,1974742,"2025-2025_Regular_Session","2025-03-26","House Industries & Professional Activities Subcommittee",12,0,0,6,18,1,"H","Jai Alai Permitholders","H0709",2025,"https://legiscan.com/FL/bill/H0709/2025",0.666666666666667,12,1,"N",1,1,1,1,1
1527317,1989175,"2025-2025_Regular_Session","2025-03-25","Senate Transportation",8,0,0,1,9,1,"S","Motor Vehicle Manufacturers and Franchised Motor Vehicle Dealers","S1820",2025,"https://legiscan.com/FL/bill/S1820/2025",0.888888888888889,8,1,"N",1,1,1,1,1
1527319,2011825,"2025-2025_Regular_Session","2025-03-25","Senate Health Policy",10,0,0,0,10,1,"S","Cancer","S7028",2025,"https://legiscan.com/FL/bill/S7028/2025",1,10,1,"N",1,1,1,1,1
1527324,1894688,"2025-2025_Regular_Session","2025-03-26","Senate Rules",24,0,0,1,25,1,"S","Peer Support for First Responders","S0086",2025,"https://legiscan.com/FL/bill/S0086/2025",0.96,24,1,"N",1,1,1,1,1
1527325,1981399,"2025-2025_Regular_Session","2025-03-25","House Housing, Agriculture & Tourism Subcommittee",14,1,0,3,18,1,"H","Real Property and Land Use and Development","H0943",2025,"https://legiscan.com/FL/bill/H0943/2025",0.777777777777778,15,0.933333333333333,"N",1,0.8,0.8,1,0.933333333333333
1527336,1990952,"2025-2025_Regular_Session","2025-03-25","Senate Health Policy",8,2,0,0,10,1,"S","Out-of-network Providers","S1842",2025,"https://legiscan.com/FL/bill/S1842/2025",0.8,10,0.8,"N",0.857142857142857,0.666666666666667,0.666666666666667,0.857142857142857,0.8
1527340,1954083,"2025-2025_Regular_Session","2025-03-25","House Housing, Agriculture & Tourism Subcommittee",16,0,0,2,18,1,"H","My Safe Florida Condominium Pilot Program","H0393",2025,"https://legiscan.com/FL/bill/H0393/2025",0.888888888888889,16,1,"N",1,1,1,1,1
1527342,1983510,"2025-2025_Regular_Session","2025-03-25","Senate Health Policy",10,0,0,0,10,1,"S","Administration of Controlled Substances","S1224",2025,"https://legiscan.com/FL/bill/S1224/2025",1,10,1,"N",1,1,1,1,1
1527347,1896448,"2025-2025_Regular_Session","2025-03-26","House Health Care Budget Subcommittee",12,0,0,3,15,1,"H","Child Care and Early Learning Providers","H0047",2025,"https://legiscan.com/FL/bill/H0047/2025",0.8,12,1,"N",1,1,1,1,1
1527353,1893073,"2025-2025_Regular_Session","2025-03-25","Senate Health Policy",10,0,0,0,10,1,"S","Health Facilities Authorities","S0068",2025,"https://legiscan.com/FL/bill/S0068/2025",1,10,1,"N",1,1,1,1,1
1527356,1972871,"2025-2025_Regular_Session","2025-03-25","Senate Military and Veterans Affairs, Space, and Domestic Security",6,0,0,0,6,1,"S","Veterans' Nursing Homes","S0788",2025,"https://legiscan.com/FL/bill/S0788/2025",1,6,1,"N",1,1,1,1,1
1527360,1973519,"2025-2025_Regular_Session","2025-03-25","House Housing, Agriculture & Tourism Subcommittee",16,0,0,2,18,1,"H","Local Housing Assistance Plans","H0701",2025,"https://legiscan.com/FL/bill/H0701/2025",0.888888888888889,16,1,"N",1,1,1,1,1
1527362,1988205,"2025-2025_Regular_Session","2025-03-26","House Criminal Justice Subcommittee",17,0,0,1,18,1,"H","Leon County","H4075",2025,"https://legiscan.com/FL/bill/H4075/2025",0.944444444444444,17,1,"N",1,1,1,1,1
1527368,1989181,"2025-2025_Regular_Session","2025-03-26","House Health Care Budget Subcommittee",12,0,0,3,15,1,"H","Uterine Fibroid Research Database","H1553",2025,"https://legiscan.com/FL/bill/H1553/2025",0.8,12,1,"N",1,1,1,1,1
1527369,1956354,"2025-2025_Regular_Session","2025-03-26","House Judiciary Committee",19,0,0,3,22,1,"H","Limited Liability Companies","H0403",2025,"https://legiscan.com/FL/bill/H0403/2025",0.863636363636364,19,1,"N",1,1,1,1,1
1527370,1985332,"2025-2025_Regular_Session","2025-03-25","Senate Health Policy",10,0,0,0,10,1,"S","Fentanyl Testing","S1346",2025,"https://legiscan.com/FL/bill/S1346/2025",1,10,1,"N",1,1,1,1,1
1527375,1988079,"2025-2025_Regular_Session","2025-03-25","Senate Health Policy",6,1,0,3,10,1,"S","Surrendered Infants","S1690",2025,"https://legiscan.com/FL/bill/S1690/2025",0.6,7,0.857142857142857,"N",1,0,1,1,1
1527378,1981960,"2025-2025_Regular_Session","2025-03-25","Senate Health Policy",7,3,0,0,10,1,"S","Health Care Practitioner Specialty Titles and Designations","S0172",2025,"https://legiscan.com/FL/bill/S0172/2025",0.7,10,0.7,"N",1,0,1,1,1
1527394,1984993,"2025-2025_Regular_Session","2025-03-26","Senate Appropriations Committee on Transportation, Tourism, and Economic Development",14,0,0,1,15,1,"S","Transportation Facility Designations","S1408",2025,"https://legiscan.com/FL/bill/S1408/2025",0.933333333333333,14,1,"N",1,1,1,1,1
1527400,1971548,"2025-2025_Regular_Session","2025-03-26","House Criminal Justice Subcommittee",14,4,0,0,18,1,"H","Department of Agriculture and Consumer Services","H0651",2025,"https://legiscan.com/FL/bill/H0651/2025",0.777777777777778,18,0.777777777777778,"N",1,0.2,0.8,1,0.944444444444444
1527402,1977285,"2025-2025_Regular_Session","2025-03-26","Senate Rules",24,0,0,1,25,1,"S","Insurance Overpayment Claims Submitted to Psychologists","S0944",2025,"https://legiscan.com/FL/bill/S0944/2025",0.96,24,1,"N",1,1,1,1,1
1527407,1974993,"2025-2025_Regular_Session","2025-03-26","Senate Rules",23,1,0,1,25,1,"S","Probation for Misdemeanor Offenses","S0878",2025,"https://legiscan.com/FL/bill/S0878/2025",0.92,24,0.958333333333333,"N",1,0.833333333333333,0.833333333333333,1,0.958333333333333
1527411,1964073,"2025-2025_Regular_Session","2025-03-25","Senate Transportation",8,0,0,1,9,1,"S","Toll Exemptions for Purple Heart Medal Recipients","S0574",2025,"https://legiscan.com/FL/bill/S0574/2025",0.888888888888889,8,1,"N",1,1,1,1,1
1527412,1946009,"2025-2025_Regular_Session","2025-03-26","House: Third Reading RCS#20",112,0,7,0,119,1,"H","Boating Safety","H0289",2025,"https://legiscan.com/FL/bill/H0289/2025",0.941176470588235,112,1,"Y",1,1,1,1,1
1527421,1946297,"2025-2025_Regular_Session","2025-03-26","House Industries & Professional Activities Subcommittee",12,0,0,6,18,1,"H","Personal Mobility Device Battery Safety Standards","H0291",2025,"https://legiscan.com/FL/bill/H0291/2025",0.666666666666667,12,1,"N",1,1,1,1,1
1527422,1985490,"2025-2025_Regular_Session","2025-03-26","Senate Appropriations Committee on Health and Human Services",10,0,0,0,10,1,"S","Florida Institute for Pediatric Rare Diseases","S1356",2025,"https://legiscan.com/FL/bill/S1356/2025",1,10,1,"N",1,1,1,1,1
1527438,1942386,"2025-2025_Regular_Session","2025-03-26","House Education & Employment Committee",18,0,0,4,22,1,"H","Middle School and High School Start Times","H0261",2025,"https://legiscan.com/FL/bill/H0261/2025",0.818181818181818,18,1,"N",1,1,1,1,1
1527441,1970265,"2025-2025_Regular_Session","2025-03-26","House Judiciary Committee",18,3,0,1,22,1,"H","Electronic Delivery of Notices Between Landlords and Tenants","H0615",2025,"https://legiscan.com/FL/bill/H0615/2025",0.818181818181818,21,0.857142857142857,"N",1,0.5,NA,1,1
1527453,1948923,"2025-2025_Regular_Session","2025-03-26","House Criminal Justice Subcommittee",18,0,0,0,18,1,"H","Complaints Against Law Enforcement and Correctional Officers","H0317",2025,"https://legiscan.com/FL/bill/H0317/2025",1,18,1,"N",1,1,1,1,1
1527455,1982828,"2025-2025_Regular_Session","2025-03-26","House Judiciary Committee",22,0,0,0,22,1,"H","Arrest and Detention of Individuals with Significant Medical Conditions","H1099",2025,"https://legiscan.com/FL/bill/H1099/2025",1,22,1,"N",1,1,1,1,1
1527459,1961673,"2025-2025_Regular_Session","2025-03-26","House: Third Reading RCS#24",104,6,9,0,119,1,"H","Recovery of Damages for Medical Negligence Resulting in Death","H6017",2025,"https://legiscan.com/FL/bill/H6017/2025",0.873949579831933,110,0.945454545454545,"Y",0.925925925925926,1,1,0.925925925925926,0.945454545454545
1527477,1963853,"2025-2025_Regular_Session","2025-03-26","House Industries & Professional Activities Subcommittee",13,2,0,3,18,1,"H","Malt Beverages","H0499",2025,"https://legiscan.com/FL/bill/H0499/2025",0.722222222222222,15,0.866666666666667,"N",0.909090909090909,0.75,0.75,0.909090909090909,0.866666666666667
1527479,1987239,"2025-2025_Regular_Session","2025-03-26","House Industries & Professional Activities Subcommittee",8,4,0,6,18,0,"H","Labor Pool Act","H6033",2025,"https://legiscan.com/FL/bill/H6033/2025",0.444444444444444,12,0.666666666666667,"N",1,0,1,1,1
1527499,1987236,"2025-2025_Regular_Session","2025-03-26","House Criminal Justice Subcommittee",18,0,0,0,18,1,"H","Law Enforcement Officers and Other Personnel","H1371",2025,"https://legiscan.com/FL/bill/H1371/2025",1,18,1,"N",1,1,1,1,1
1527500,1954507,"2025-2025_Regular_Session","2025-03-26","House Judiciary Committee",22,0,0,0,22,1,"H","Trusts","H0385",2025,"https://legiscan.com/FL/bill/H0385/2025",1,22,1,"N",1,1,1,1,1
1527512,1894920,"2025-2025_Regular_Session","2025-03-26","House: Third Reading RCS#22",112,0,7,0,119,1,"H","Municipal Water and Sewer Utility Rates","H0011",2025,"https://legiscan.com/FL/bill/H0011/2025",0.941176470588235,112,1,"Y",1,1,1,1,1
1527514,1984383,"2025-2025_Regular_Session","2025-03-26","House Education & Employment Committee",18,0,0,4,22,1,"H","Workforce Education","H1145",2025,"https://legiscan.com/FL/bill/H1145/2025",0.818181818181818,18,1,"N",1,1,1,1,1
1527551,1974652,"2025-2025_Regular_Session","2025-03-26","House Criminal Justice Subcommittee",15,0,0,3,18,1,"H","Social Media Use by Minors","H0743",2025,"https://legiscan.com/FL/bill/H0743/2025",0.833333333333333,15,1,"N",1,1,1,1,1
1527554,1976248,"2025-2025_Regular_Session","2025-03-26","House Judiciary Committee",22,0,0,0,22,1,"H","Offenses Involving Children","H0777",2025,"https://legiscan.com/FL/bill/H0777/2025",1,22,1,"N",1,1,1,1,1
1527556,1954289,"2025-2025_Regular_Session","2025-03-26","Senate Rules",22,2,0,1,25,1,"S","Nonprofit Agricultural Organization Medical Benefit Plans","S0480",2025,"https://legiscan.com/FL/bill/S0480/2025",0.88,24,0.916666666666667,"N",1,0.666666666666667,0.666666666666667,1,0.916666666666667
1527557,1943801,"2025-2025_Regular_Session","2025-03-26","House Industries & Professional Activities Subcommittee",12,0,0,6,18,1,"H","Veterans' Benefits Assistance","H0277",2025,"https://legiscan.com/FL/bill/H0277/2025",0.666666666666667,12,1,"N",1,1,1,1,1
1527569,1943534,"2025-2025_Regular_Session","2025-03-26","Senate Rules",24,0,0,1,25,1,"S","Annexing State-owned Lands","S0384",2025,"https://legiscan.com/FL/bill/S0384/2025",0.96,24,1,"N",1,1,1,1,1
1527578,1980709,"2025-2025_Regular_Session","2025-03-26","House Intergovernmental Affairs Subcommittee",14,0,0,5,19,1,"H","Collier County","H4041",2025,"https://legiscan.com/FL/bill/H4041/2025",0.736842105263158,14,1,"N",1,1,1,1,1
1527584,1984348,"2025-2025_Regular_Session","2025-03-26","Senate Appropriations Committee on Transportation, Tourism, and Economic Development",15,0,0,0,15,1,"S","Hands-free Driving","S1318",2025,"https://legiscan.com/FL/bill/S1318/2025",1,15,1,"N",1,1,1,1,1
1527628,1983487,"2025-2025_Regular_Session","2025-03-26","Senate Finance and Tax",6,0,0,0,6,1,"S","Assessment of Homestead Property","S0176",2025,"https://legiscan.com/FL/bill/S0176/2025",1,6,1,"N",1,1,1,1,1
1527645,1892666,"2025-2025_Regular_Session","2025-03-26","Senate Appropriations Committee on Criminal and Civil Justice",9,0,0,0,9,1,"S","Foreclosure Procedures","S0048",2025,"https://legiscan.com/FL/bill/S0048/2025",1,9,1,"N",1,1,1,1,1
1527649,2006597,"2025-2025_Regular_Session","2025-03-26","Senate Rules",21,3,0,1,25,1,"S","OGSR/Agency Cybersecurity Information","S7020",2025,"https://legiscan.com/FL/bill/S7020/2025",0.84,24,0.875,"N",0.944444444444444,0.666666666666667,0.666666666666667,0.944444444444444,0.875
1527650,1974860,"2025-2025_Regular_Session","2025-03-26","House: Third Reading RCS#27",113,0,6,0,119,1,"H","OGSR/Financial Technology Sandbox Applications/OFR","H7003",2025,"https://legiscan.com/FL/bill/H7003/2025",0.949579831932773,113,1,"Y",1,1,1,1,1
1527651,1982937,"2025-2025_Regular_Session","2025-03-26","House Criminal Justice Subcommittee",17,0,0,1,18,1,"H","Criminal Offender Substance Abuse Pilot Program","H1095",2025,"https://legiscan.com/FL/bill/H1095/2025",0.944444444444444,17,1,"N",1,1,1,1,1
1527658,1976931,"2025-2025_Regular_Session","2025-03-25","House Housing, Agriculture & Tourism Subcommittee",16,0,0,2,18,1,"H","Aerospace Innovation Funding","H0793",2025,"https://legiscan.com/FL/bill/H0793/2025",0.888888888888889,16,1,"N",1,1,1,1,1
1527661,1986883,"2025-2025_Regular_Session","2025-03-26","Senate Appropriations Committee on Transportation, Tourism, and Economic Development",14,0,0,1,15,1,"S","Aerospace Industry","S1516",2025,"https://legiscan.com/FL/bill/S1516/2025",0.933333333333333,14,1,"N",1,1,1,1,1
1527662,1975109,"2025-2025_Regular_Session","2025-03-26","House Intergovernmental Affairs Subcommittee",11,4,0,4,19,1,"H","Broward County","H4039",2025,"https://legiscan.com/FL/bill/H4039/2025",0.578947368421053,15,0.733333333333333,"N",0.909090909090909,0.25,0.75,0.909090909090909,0.866666666666667
1527663,1949074,"2025-2025_Regular_Session","2025-03-26","House Intergovernmental Affairs Subcommittee",14,0,0,5,19,1,"H","Bonuses for Employees of Property Appraisers","H0307",2025,"https://legiscan.com/FL/bill/H0307/2025",0.736842105263158,14,1,"N",1,1,1,1,1
1527665,1960310,"2025-2025_Regular_Session","2025-03-26","House Industries & Professional Activities Subcommittee",12,0,0,6,18,1,"H","Pool/Spa Contractors","H0453",2025,"https://legiscan.com/FL/bill/H0453/2025",0.666666666666667,12,1,"N",1,1,1,1,1
1527690,1983907,"2025-2025_Regular_Session","2025-03-26","House Education & Employment Committee",18,1,0,3,22,1,"H","Students Enrolled in Dropout Retrieval Programs","H1079",2025,"https://legiscan.com/FL/bill/H1079/2025",0.818181818181818,19,0.947368421052632,"N",0.923076923076923,1,1,0.923076923076923,0.947368421052632
1527694,1988761,"2025-2025_Regular_Session","2025-03-26","House Criminal Justice Subcommittee",18,0,0,0,18,1,"H","Trespass at Large Scale Ticketed Events","H1447",2025,"https://legiscan.com/FL/bill/H1447/2025",1,18,1,"N",1,1,1,1,1
1527697,1928340,"2025-2025_Regular_Session","2025-03-26","Senate Rules",24,0,0,1,25,1,"S","Limited Liability Companies","S0316",2025,"https://legiscan.com/FL/bill/S0316/2025",0.96,24,1,"N",1,1,1,1,1
1527707,1892690,"2025-2025_Regular_Session","2025-03-26","Senate Rules",20,4,0,1,25,1,"S","Geoengineering and Weather Modification Activities","S0056",2025,"https://legiscan.com/FL/bill/S0056/2025",0.8,24,0.833333333333333,"N",1,0.333333333333333,0.666666666666667,1,0.916666666666667
1527708,1984266,"2025-2025_Regular_Session","2025-03-25","Senate Military and Veterans Affairs, Space, and Domestic Security",6,0,0,0,6,1,"S","Public Records/Veterans Florida Opportunity Program","S1282",2025,"https://legiscan.com/FL/bill/S1282/2025",1,6,1,"N",1,1,1,1,1
1527711,1983429,"2025-2025_Regular_Session","2025-03-26","House Intergovernmental Affairs Subcommittee",15,0,0,4,19,1,"H","Pasco County Mosquito Control District, Pasco County","H4051",2025,"https://legiscan.com/FL/bill/H4051/2025",0.789473684210526,15,1,"N",1,1,1,1,1
1527713,1983230,"2025-2025_Regular_Session","2025-03-26","Senate Appropriations Committee on Agriculture, Environment, and General Government",12,0,0,1,13,1,"S","Water Access Facilities","S1162",2025,"https://legiscan.com/FL/bill/S1162/2025",0.923076923076923,12,1,"N",1,1,1,1,1
1527717,1981545,"2025-2025_Regular_Session","2025-03-26","House Intergovernmental Affairs Subcommittee",12,3,0,4,19,1,"H","Special Districts","H0973",2025,"https://legiscan.com/FL/bill/H0973/2025",0.631578947368421,15,0.8,"N",1,0.25,0.75,1,0.933333333333333
1527724,1901158,"2025-2025_Regular_Session","2025-03-26","House: Third Reading RCS#23",113,0,6,0,119,1,"H","Hazardous Walking Conditions","H0085",2025,"https://legiscan.com/FL/bill/H0085/2025",0.949579831932773,113,1,"Y",1,1,1,1,1
1527725,1970297,"2025-2025_Regular_Session","2025-03-26","Senate Appropriations Committee on Agriculture, Environment, and General Government",12,0,0,1,13,1,"S","Brownfields","S0736",2025,"https://legiscan.com/FL/bill/S0736/2025",0.923076923076923,12,1,"N",1,1,1,1,1
1527730,1960474,"2025-2025_Regular_Session","2025-03-26","Senate Rules",24,0,0,1,25,1,"S","State Courts System","S0538",2025,"https://legiscan.com/FL/bill/S0538/2025",0.96,24,1,"N",1,1,1,1,1
1527748,1969805,"2025-2025_Regular_Session","2025-03-26","Senate Rules",23,1,0,1,25,1,"S","Actions for Recovery of Damages for Wrongful Death","S0734",2025,"https://legiscan.com/FL/bill/S0734/2025",0.92,24,0.958333333333333,"N",0.944444444444444,1,1,0.944444444444444,0.958333333333333
1527751,1967251,"2025-2025_Regular_Session","2025-03-26","Senate Appropriations Committee on Transportation, Tourism, and Economic Development",15,0,0,0,15,1,"S","Specialty License Plates/Miami Northwestern Alumni Association","S0666",2025,"https://legiscan.com/FL/bill/S0666/2025",1,15,1,"N",1,1,1,1,1
1527765,1988409,"2025-2025_Regular_Session","2025-03-26","House Intergovernmental Affairs Subcommittee",9,6,0,4,19,0,"H","Special Beverage Licenses for Equestrian Sport Facilities in Marion County","H4067",2025,"https://legiscan.com/FL/bill/H4067/2025",0.473684210526316,15,0.6,"N",0.818181818181818,0,1,0.818181818181818,0.866666666666667
1527766,1897317,"2025-2025_Regular_Session","2025-03-26","House Judiciary Committee",22,0,0,0,22,1,"H","Compensation of Victims of Wrongful Incarceration","H0059",2025,"https://legiscan.com/FL/bill/H0059/2025",1,22,1,"N",1,1,1,1,1
1527772,1981258,"2025-2025_Regular_Session","2025-03-26","House Judiciary Committee",19,3,0,0,22,1,"H","Evidence of Damages to Prove Medical Expenses in Personal Injury or Wrongful Death Actions","H0947",2025,"https://legiscan.com/FL/bill/H0947/2025",0.863636363636364,22,0.863636363636364,"N",0.8125,1,1,0.8125,0.863636363636364
1527774,1983089,"2025-2025_Regular_Session","2025-03-26","House Intergovernmental Affairs Subcommittee",13,0,0,6,19,1,"H","Limitation on the Assessment of Homestead Property","H1039",2025,"https://legiscan.com/FL/bill/H1039/2025",0.684210526315789,13,1,"N",1,1,1,1,1
1527805,1904298,"2025-2025_Regular_Session","2025-03-26","Senate Appropriations Committee on Health and Human Services",10,0,0,0,10,1,"S","Protection from Surgical Smoke","S0152",2025,"https://legiscan.com/FL/bill/S0152/2025",1,10,1,"N",1,1,1,1,1
1527808,1942015,"2025-2025_Regular_Session","2025-03-26","House Education & Employment Committee",18,0,0,4,22,1,"H","Holocaust Remembrance Day","H0251",2025,"https://legiscan.com/FL/bill/H0251/2025",0.818181818181818,18,1,"N",1,1,1,1,1
1527811,1920331,"2025-2025_Regular_Session","2025-03-26","House Criminal Justice Subcommittee",18,0,0,0,18,1,"H","Objective Parole Guidelines","H0181",2025,"https://legiscan.com/FL/bill/H0181/2025",1,18,1,"N",1,1,1,1,1
1527815,1985042,"2025-2025_Regular_Session","2025-03-26","House State Affairs Committee",18,7,0,2,27,1,"H","Amendments to the State Constitution","H1205",2025,"https://legiscan.com/FL/bill/H1205/2025",0.666666666666667,25,0.72,"N",1,0,1,1,1
1527818,1989057,"2025-2025_Regular_Session","2025-03-26","House Intergovernmental Affairs Subcommittee",14,1,0,4,19,1,"H","Local Government Salaries and Benefits","H1581",2025,"https://legiscan.com/FL/bill/H1581/2025",0.736842105263158,15,0.933333333333333,"N",0.909090909090909,1,1,0.909090909090909,0.933333333333333
1527821,1983147,"2025-2025_Regular_Session","2025-03-26","House Criminal Justice Subcommittee",16,0,0,2,18,1,"H","Department of Law Enforcement","H1053",2025,"https://legiscan.com/FL/bill/H1053/2025",0.888888888888889,16,1,"N",1,1,1,1,1
1527822,1979950,"2025-2025_Regular_Session","2025-03-26","House Criminal Justice Subcommittee",14,3,0,1,18,1,"H","Corrections","H0903",2025,"https://legiscan.com/FL/bill/H0903/2025",0.777777777777778,17,0.823529411764706,"N",1,0.25,0.75,1,0.941176470588235
1527825,1984282,"2025-2025_Regular_Session","2025-03-26","House Judiciary Committee",20,0,0,2,22,1,"H","Removal of Altered Sexual Depictions Posted without Consent","H1161",2025,"https://legiscan.com/FL/bill/H1161/2025",0.909090909090909,20,1,"N",1,1,1,1,1
1527827,1984969,"2025-2025_Regular_Session","2025-03-25","Senate Transportation",8,0,0,1,9,1,"S","Leaving the Scene of a Crash Involving Only Damage to Vehicle or Property","S1378",2025,"https://legiscan.com/FL/bill/S1378/2025",0.888888888888889,8,1,"N",1,1,1,1,1
1527834,1989073,"2025-2025_Regular_Session","2025-03-26","House Intergovernmental Affairs Subcommittee",11,3,0,5,19,1,"H","Waste Incineration","H1609",2025,"https://legiscan.com/FL/bill/H1609/2025",0.578947368421053,14,0.785714285714286,"N",1,0.25,0.75,1,0.928571428571429
1527840,1916134,"2025-2025_Regular_Session","2025-03-26","House Intergovernmental Affairs Subcommittee",15,0,0,4,19,1,"H","Lee County","H4001",2025,"https://legiscan.com/FL/bill/H4001/2025",0.789473684210526,15,1,"N",1,1,1,1,1
1527841,1918297,"2025-2025_Regular_Session","2025-03-26","House: Third Reading RCS#25",113,0,6,0,119,1,"H","Service of Process","H0157",2025,"https://legiscan.com/FL/bill/H0157/2025",0.949579831932773,113,1,"Y",1,1,1,1,1
1527845,1963746,"2025-2025_Regular_Session","2025-03-26","House Judiciary Committee",22,0,0,0,22,1,"H","Electronic Transmittal of Court Orders","H0513",2025,"https://legiscan.com/FL/bill/H0513/2025",1,22,1,"N",1,1,1,1,1
1527855,1963529,"2025-2025_Regular_Session","2025-03-26","House Criminal Justice Subcommittee",13,0,0,5,18,1,"H","Use of Artificial Intelligence by Governmental Agencies to Detect Concealed Firearms","H0491",2025,"https://legiscan.com/FL/bill/H0491/2025",0.722222222222222,13,1,"N",1,1,1,1,1
1527861,1964440,"2025-2025_Regular_Session","2025-03-26","House Industries & Professional Activities Subcommittee",13,0,0,5,18,1,"H","Palm Beach County","H4011",2025,"https://legiscan.com/FL/bill/H4011/2025",0.722222222222222,13,1,"N",1,1,1,1,1
1527863,1957367,"2025-2025_Regular_Session","2025-03-26","House: Third Reading RCS#28",113,0,6,0,119,1,"H","Peer Support for First Responders","H0421",2025,"https://legiscan.com/FL/bill/H0421/2025",0.949579831932773,113,1,"Y",1,1,1,1,1
1527865,1977973,"2025-2025_Regular_Session","2025-03-26","House Criminal Justice Subcommittee",18,0,0,0,18,1,"H","Assault or Battery on a Utility Worker","H0857",2025,"https://legiscan.com/FL/bill/H0857/2025",1,18,1,"N",1,1,1,1,1
1527872,1972242,"2025-2025_Regular_Session","2025-03-26","House Judiciary Committee",21,0,0,1,22,1,"H","Use of Tracking Devices or Applications to Commit Dangerous Crimes","H0663",2025,"https://legiscan.com/FL/bill/H0663/2025",0.954545454545455,21,1,"N",1,1,1,1,1
1527874,1988496,"2025-2025_Regular_Session","2025-03-26","House Criminal Justice Subcommittee",17,1,0,0,18,1,"H","Sexual Offenses by Persons Previously Convicted of Sexual Offenses","H1455",2025,"https://legiscan.com/FL/bill/H1455/2025",0.944444444444444,18,0.944444444444444,"N",1,0.8,0.8,1,0.944444444444444
1527876,1942526,"2025-2025_Regular_Session","2025-03-26","House Judiciary Committee",22,0,0,0,22,1,"H","Aggravated Animal Cruelty","H0255",2025,"https://legiscan.com/FL/bill/H0255/2025",1,22,1,"N",1,1,1,1,1
1527884,1973683,"2025-2025_Regular_Session","2025-03-26","House State Affairs Committee",22,0,0,5,27,1,"H","City of Oviedo, Seminole County","H4031",2025,"https://legiscan.com/FL/bill/H4031/2025",0.814814814814815,22,1,"N",1,1,1,1,1
1527897,1976221,"2025-2025_Regular_Session","2025-03-26","House State Affairs Committee",22,0,0,5,27,1,"H","OGSR/Disaster Recovery Assistance","H7005",2025,"https://legiscan.com/FL/bill/H7005/2025",0.814814814814815,22,1,"N",1,1,1,1,1
1527898,1919924,"2025-2025_Regular_Session","2025-03-25","Senate Community Affairs",8,0,0,0,8,1,"S","Public Records/Congressional Members and Public Officers","S0268",2025,"https://legiscan.com/FL/bill/S0268/2025",1,8,1,"N",1,1,1,1,1
1527900,1982976,"2025-2025_Regular_Session","2025-03-26","House Criminal Justice Subcommittee",15,0,0,3,18,1,"H","Protection of Court Officials","H1049",2025,"https://legiscan.com/FL/bill/H1049/2025",0.833333333333333,15,1,"N",1,1,1,1,1
1527901,1984309,"2025-2025_Regular_Session","2025-03-26","House Criminal Justice Subcommittee",18,0,0,0,18,1,"H","Pub. Rec./Crime Victims","H1129",2025,"https://legiscan.com/FL/bill/H1129/2025",1,18,1,"N",1,1,1,1,1
1527910,1901381,"2025-2025_Regular_Session","2025-03-26","House Judiciary Committee",20,0,0,2,22,1,"H","Service of Process in Proceedings for Protection of Vulnerable Adults","H0097",2025,"https://legiscan.com/FL/bill/H0097/2025",0.909090909090909,20,1,"N",1,1,1,1,1
1527913,1983005,"2025-2025_Regular_Session","2025-03-26","Senate Finance and Tax",6,0,0,0,6,1,"S","Assessment of Homestead Property","S0174",2025,"https://legiscan.com/FL/bill/S0174/2025",1,6,1,"N",1,1,1,1,1
1527919,1972025,"2025-2025_Regular_Session","2025-03-26","House Judiciary Committee",20,2,0,0,22,1,"H","Aggravating Factors for Capital Felonies","H0653",2025,"https://legiscan.com/FL/bill/H0653/2025",0.909090909090909,22,0.909090909090909,"N",1,0.666666666666667,0.666666666666667,1,0.909090909090909
1527921,1973249,"2025-2025_Regular_Session","2025-03-26","Senate Appropriations Committee on Agriculture, Environment, and General Government",12,0,0,1,13,1,"S","General Permits for Distributed Wastewater Treatment Systems","S0796",2025,"https://legiscan.com/FL/bill/S0796/2025",0.923076923076923,12,1,"N",1,1,1,1,1
1527922,1987792,"2025-2025_Regular_Session","2025-03-24","Senate Appropriations Committee on Pre-K - 12 Education",8,0,0,2,10,1,"S","Prekindergarten Through Grade 12 Education","S1618",2025,"https://legiscan.com/FL/bill/S1618/2025",0.8,8,1,"N",1,1,1,1,1
1527930,1970181,"2025-2025_Regular_Session","2025-03-25","Senate Community Affairs",7,0,0,1,8,1,"S","Tax Exemptions for Surviving Spouses of Quadriplegics","S0750",2025,"https://legiscan.com/FL/bill/S0750/2025",0.875,7,1,"N",1,1,1,1,1
1527933,1974703,"2025-2025_Regular_Session","2025-03-26","House: Third Reading RCS#21",112,0,7,0,119,1,"H","Water Access Facilities","H0735",2025,"https://legiscan.com/FL/bill/H0735/2025",0.941176470588235,112,1,"Y",1,1,1,1,1
1527947,1984094,"2025-2025_Regular_Session","2025-03-26","Senate Finance and Tax",5,1,0,0,6,1,"S","Public Records/E-mail Addresses/DHSMV","S1292",2025,"https://legiscan.com/FL/bill/S1292/2025",0.833333333333333,6,0.833333333333333,"N",0.75,1,1,0.75,0.833333333333333
1527948,1970026,"2025-2025_Regular_Session","2025-03-26","Senate Appropriations Committee on Health and Human Services",10,0,0,0,10,1,"S","Child Care and Early Learning Providers","S0738",2025,"https://legiscan.com/FL/bill/S0738/2025",1,10,1,"N",1,1,1,1,1
1527978,1984688,"2025-2025_Regular_Session","2025-03-26","Senate Appropriations Committee on Health and Human Services",10,0,0,0,10,1,"S","Ambulatory Surgical Centers","S1370",2025,"https://legiscan.com/FL/bill/S1370/2025",1,10,1,"N",1,1,1,1,1
1527990,1980686,"2025-2025_Regular_Session","2025-03-26","House: Third Reading RCS#29",113,0,6,0,119,1,"H","Required Instruction in Cursive Writing","H0921",2025,"https://legiscan.com/FL/bill/H0921/2025",0.949579831932773,113,1,"Y",1,1,1,1,1
1527993,1970927,"2025-2025_Regular_Session","2025-03-26","House State Affairs Committee",21,0,0,6,27,1,"H","Bermont Drainage District, Charlotte County","H4017",2025,"https://legiscan.com/FL/bill/H4017/2025",0.777777777777778,21,1,"N",1,1,1,1,1
1528001,1986428,"2025-2025_Regular_Session","2025-03-26","Senate Rules",20,4,0,1,25,1,"S","United States Sovereign Wealth Fund","S1488",2025,"https://legiscan.com/FL/bill/S1488/2025",0.8,24,0.833333333333333,"N",1,0.333333333333333,0.666666666666667,1,0.916666666666667
1528019,1984041,"2025-2025_Regular_Session","2025-03-25","Senate Military and Veterans Affairs, Space, and Domestic Security",6,0,0,0,6,1,"S","Military Affairs","S1280",2025,"https://legiscan.com/FL/bill/S1280/2025",1,6,1,"N",1,1,1,1,1
1528078,1975043,"2025-2025_Regular_Session","2025-03-25","Senate Community Affairs",6,2,0,0,8,1,"S","Price Controls for the Storage of Electric Vehicles","S0872",2025,"https://legiscan.com/FL/bill/S0872/2025",0.75,8,0.75,"N",0.8,0.666666666666667,0.666666666666667,0.8,0.75
1528092,1987196,"2025-2025_Regular_Session","2025-03-26","House Intergovernmental Affairs Subcommittee",13,0,0,6,19,1,"H","West Villages Improvement District, Sarasota County","H4061",2025,"https://legiscan.com/FL/bill/H4061/2025",0.684210526315789,13,1,"N",1,1,1,1,1
1528093,1975073,"2025-2025_Regular_Session","2025-03-26","House: Third Reading RCS#26",78,34,7,0,119,1,"H","Minimum Age for Firearm Purchase or Transfer","H0759",2025,"https://legiscan.com/FL/bill/H0759/2025",0.65546218487395,112,0.696428571428571,"Y",0.927710843373494,0.0344827586206897,0.96551724137931,0.927710843373494,0.9375
1528107,1951702,"2025-2025_Regular_Session","2025-03-26","Senate Appropriations Committee on Agriculture, Environment, and General Government",12,0,0,1,13,1,"S","Florida Museum of Black History","S0466",2025,"https://legiscan.com/FL/bill/S0466/2025",0.923076923076923,12,1,"N",1,1,1,1,1
1528115,1969535,"2025-2025_Regular_Session","2025-03-26","Senate Appropriations Committee on Agriculture, Environment, and General Government",8,4,0,1,13,1,"S","Department of Agriculture and Consumer Services","S0700",2025,"https://legiscan.com/FL/bill/S0700/2025",0.615384615384615,12,0.666666666666667,"N",1,0,1,1,1
1528124,1983495,"2025-2025_Regular_Session","2025-03-26","Senate Appropriations Committee on Agriculture, Environment, and General Government",12,0,0,1,13,1,"S","Pet Insurance and Wellness Programs","S1226",2025,"https://legiscan.com/FL/bill/S1226/2025",0.923076923076923,12,1,"N",1,1,1,1,1
1528147,1984091,"2025-2025_Regular_Session","2025-03-26","Senate Finance and Tax",6,0,0,0,6,1,"S","Department of Highway Safety and Motor Vehicles","S1290",2025,"https://legiscan.com/FL/bill/S1290/2025",1,6,1,"N",1,1,1,1,1
1528150,1967572,"2025-2025_Regular_Session","2025-03-26","Senate Appropriations Committee on Agriculture, Environment, and General Government",12,0,0,1,13,1,"S","Pawnbroker Transaction Forms","S0678",2025,"https://legiscan.com/FL/bill/S0678/2025",0.923076923076923,12,1,"N",1,1,1,1,1
1528173,2010970,"2025-2025_Regular_Session","2025-03-26","House State Affairs Committee",22,0,0,5,27,1,"H","OGSR/Cybersecurity","H7013",2025,"https://legiscan.com/FL/bill/H7013/2025",0.814814814814815,22,1,"N",1,1,1,1,1
1528227,1983286,"2025-2025_Regular_Session","2025-03-26","House Intergovernmental Affairs Subcommittee",14,0,0,5,19,1,"H","Assessment of Homestead Property","H1041",2025,"https://legiscan.com/FL/bill/H1041/2025",0.736842105263158,14,1,"N",1,1,1,1,1
1528331,1958878,"2025-2025_Regular_Session","2025-03-26","House Judiciary Committee",21,1,0,0,22,1,"H","Tampering with an Electronic Monitoring Device","H0437",2025,"https://legiscan.com/FL/bill/H0437/2025",0.954545454545455,22,0.954545454545455,"N",1,0.833333333333333,0.833333333333333,1,0.954545454545455
1528359,1977248,"2025-2025_Regular_Session","2025-03-26","House Judiciary Committee",20,0,0,2,22,1,"H","Courts","H0813",2025,"https://legiscan.com/FL/bill/H0813/2025",0.909090909090909,20,1,"N",1,1,1,1,1
1528372,1985146,"2025-2025_Regular_Session","2025-03-26","Senate Appropriations Committee on Agriculture, Environment, and General Government",12,0,0,1,13,1,"S","Agronomic Study on Emerging Crops","S0178",2025,"https://legiscan.com/FL/bill/S0178/2025",0.923076923076923,12,1,"N",1,1,1,1,1
1528422,1990100,"2025-2025_Regular_Session","2025-03-26","House State Affairs Committee",22,0,0,5,27,1,"H","Duval County","H4053",2025,"https://legiscan.com/FL/bill/H4053/2025",0.814814814814815,22,1,"N",1,1,1,1,1
1528455,1973118,"2025-2025_Regular_Session","2025-03-26","House State Affairs Committee",22,0,0,5,27,1,"H","Spring Restoration","H0691",2025,"https://legiscan.com/FL/bill/H0691/2025",0.814814814814815,22,1,"N",1,1,1,1,1
1528521,1894915,"2025-2025_Regular_Session","2025-03-27","Senate: Third Reading RCS#2",32,5,1,1,39,1,"S","Utility Terrain Vehicles","S0088",2025,"https://legiscan.com/FL/bill/S0088/2025",0.82051282051282,37,0.864864864864865,"Y",0.961538461538462,0.636363636363636,0.636363636363636,0.961538461538462,0.864864864864865
1528527,1922014,"2025-2025_Regular_Session","2025-03-27","Senate: Third Reading RCS#9",38,0,0,1,39,1,"S","Transportation Facility Designations/Harris Rosen Way and Geraldine Thompson Way","S0274",2025,"https://legiscan.com/FL/bill/S0274/2025",0.974358974358974,38,1,"Y",1,1,1,1,1
1528542,1917016,"2025-2025_Regular_Session","2025-03-27","Senate: Third Reading RCS#7",17,21,0,1,39,0,"S","Criminal Offenses Against Law Enforcement Officers and Other Personnel","S0234",2025,"https://legiscan.com/FL/bill/S0234/2025",0.435897435897436,38,0.447368421052632,"Y",0.222222222222222,1,1,0.777777777777778,0.842105263157895
1528552,1921139,"2025-2025_Regular_Session","2025-03-27","Senate: Third Reading RCS#11",38,0,0,1,39,1,"S","Candidate Qualification","S0280",2025,"https://legiscan.com/FL/bill/S0280/2025",0.974358974358974,38,1,"Y",1,1,1,1,1
1528560,1927121,"2025-2025_Regular_Session","2025-03-27","Senate: Third Reading RCS#12",38,0,0,1,39,1,"S","Middle School and High School Start Times","S0296",2025,"https://legiscan.com/FL/bill/S0296/2025",0.974358974358974,38,1,"Y",1,1,1,1,1
1528570,1918834,"2025-2025_Regular_Session","2025-03-27","Senate: Third Reading RCS#8",36,0,2,1,39,1,"S","Trusts","S0262",2025,"https://legiscan.com/FL/bill/S0262/2025",0.923076923076923,36,1,"Y",1,1,1,1,1
1528572,1986539,"2025-2025_Regular_Session","2025-03-27","House Health Professions & Programs Subcommittee",16,0,0,2,18,1,"H","Department of Health","H1299",2025,"https://legiscan.com/FL/bill/H1299/2025",0.888888888888889,16,1,"N",1,1,1,1,1
1528578,1963716,"2025-2025_Regular_Session","2025-03-27","Senate: Third Reading RCS#17",37,1,0,1,39,1,"S","OGSR/Applicants or Participants in Certain Federal, State, or Local Housing Assistance Programs","S7004",2025,"https://legiscan.com/FL/bill/S7004/2025",0.948717948717949,38,0.973684210526316,"Y",0.962962962962963,1,1,0.962962962962963,0.973684210526316
1528581,1968330,"2025-2025_Regular_Session","2025-03-27","House Health Professions & Programs Subcommittee",16,0,0,2,18,1,"H","Children with Developmental Disabilities","H0591",2025,"https://legiscan.com/FL/bill/H0591/2025",0.888888888888889,16,1,"N",1,1,1,1,1
1528585,1951899,"2025-2025_Regular_Session","2025-03-27","Senate: Third Reading RCS#16",38,0,0,1,39,1,"S","OGSR/Site-specific Location Information for Endangered and Threatened Species","S7000",2025,"https://legiscan.com/FL/bill/S7000/2025",0.974358974358974,38,1,"Y",1,1,1,1,1
1528603,1897165,"2025-2025_Regular_Session","2025-03-27","Senate: Third Reading RCS#3",36,0,2,1,39,1,"S","Exceptional Student Education","S0102",2025,"https://legiscan.com/FL/bill/S0102/2025",0.923076923076923,36,1,"Y",1,1,1,1,1
1528607,1988351,"2025-2025_Regular_Session","2025-03-25","Senate Community Affairs",5,3,0,0,8,1,"S","Local Option Taxes","S1664",2025,"https://legiscan.com/FL/bill/S1664/2025",0.625,8,0.625,"N",1,0,1,1,1
1528626,1979933,"2025-2025_Regular_Session","2025-03-27","House Health Professions & Programs Subcommittee",15,1,0,2,18,1,"H","Court-appointed Psychologists","H0901",2025,"https://legiscan.com/FL/bill/H0901/2025",0.833333333333333,16,0.9375,"N",0.909090909090909,1,1,0.909090909090909,0.9375
1528664,1972402,"2025-2025_Regular_Session","2025-03-27","House Civil Justice & Claims Subcommittee",15,0,0,3,18,1,"H","Liability for Defamatory Statements","H0667",2025,"https://legiscan.com/FL/bill/H0667/2025",0.833333333333333,15,1,"N",1,1,1,1,1
1528670,1981730,"2025-2025_Regular_Session","2025-03-25","Senate Community Affairs",5,3,0,0,8,1,"S","Fire Prevention","S1078",2025,"https://legiscan.com/FL/bill/S1078/2025",0.625,8,0.625,"N",1,0,1,1,1
1528676,1946372,"2025-2025_Regular_Session","2025-03-27","Senate: Third Reading RCS#15",38,0,0,1,39,1,"S","Unlawful Use of Uniforms, Medals, or Insignia","S0402",2025,"https://legiscan.com/FL/bill/S0402/2025",0.974358974358974,38,1,"Y",1,1,1,1,1
1528679,1977811,"2025-2025_Regular_Session","2025-03-27","House Civil Justice & Claims Subcommittee",14,0,0,4,18,1,"H","Relief/L.E./DCF","H6535",2025,"https://legiscan.com/FL/bill/H6535/2025",0.777777777777778,14,1,"N",1,1,1,1,1
1528693,1953354,"2025-2025_Regular_Session","2025-03-27","House Civil Justice & Claims Subcommittee",15,0,0,3,18,1,"H","Rent of Affordable Housing Dwelling Units","H0365",2025,"https://legiscan.com/FL/bill/H0365/2025",0.833333333333333,15,1,"N",1,1,1,1,1
1528696,1983055,"2025-2025_Regular_Session","2025-03-27","House Insurance & Banking Subcommittee",12,6,0,0,18,1,"H","Insurance","H1047",2025,"https://legiscan.com/FL/bill/H1047/2025",0.666666666666667,18,0.666666666666667,"N",0.923076923076923,0,1,0.923076923076923,0.944444444444444
1528698,1971349,"2025-2025_Regular_Session","2025-03-27","House Health Professions & Programs Subcommittee",17,0,0,1,18,1,"H","Advanced Practice Registered Nurse Services","H0647",2025,"https://legiscan.com/FL/bill/H0647/2025",0.944444444444444,17,1,"N",1,1,1,1,1
1528707,1898257,"2025-2025_Regular_Session","2025-03-27","Senate: Third Reading RCS#5",38,0,0,1,39,1,"S","Compensation of Victims of Wrongful Incarceration","S0130",2025,"https://legiscan.com/FL/bill/S0130/2025",0.974358974358974,38,1,"Y",1,1,1,1,1
1528713,1908822,"2025-2025_Regular_Session","2025-03-27","Senate: Third Reading RCS#6",38,0,0,1,39,1,"S","Coverage for Diagnostic and Supplemental Breast Examinations","S0158",2025,"https://legiscan.com/FL/bill/S0158/2025",0.974358974358974,38,1,"Y",1,1,1,1,1
1528729,1989232,"2025-2025_Regular_Session","2025-03-27","House Civil Justice & Claims Subcommittee",14,0,0,4,18,1,"H","Recreational Customary Use of Beaches","H6043",2025,"https://legiscan.com/FL/bill/H6043/2025",0.777777777777778,14,1,"N",1,1,1,1,1
1528734,1897268,"2025-2025_Regular_Session","2025-03-27","Senate: Third Reading RCS#4",37,0,1,1,39,1,"S","Exploitation of Vulnerable Adults","S0106",2025,"https://legiscan.com/FL/bill/S0106/2025",0.948717948717949,37,1,"Y",1,1,1,1,1
1528739,1946032,"2025-2025_Regular_Session","2025-03-27","Senate: Third Reading RCS#14",38,0,0,1,39,1,"S","Interstate Compact on Educational Opportunity for Military Children","S0400",2025,"https://legiscan.com/FL/bill/S0400/2025",0.974358974358974,38,1,"Y",1,1,1,1,1
1528774,1942300,"2025-2025_Regular_Session","2025-03-27","Senate: Third Reading RCS#13",38,0,0,1,39,1,"S","Holocaust Remembrance Day","S0356",2025,"https://legiscan.com/FL/bill/S0356/2025",0.974358974358974,38,1,"Y",1,1,1,1,1
1528792,1926906,"2025-2025_Regular_Session","2025-03-27","House Civil Justice & Claims Subcommittee",15,0,0,3,18,1,"H","Relief/Kristen and Lia Mcintosh/Department of Agriculture and Consumer Services","H6513",2025,"https://legiscan.com/FL/bill/H6513/2025",0.833333333333333,15,1,"N",1,1,1,1,1
1528796,1963580,"2025-2025_Regular_Session","2025-03-27","Senate: Third Reading RCS#18",38,0,0,1,39,1,"S","Public Records and Meetings/NG911 Systems","S7006",2025,"https://legiscan.com/FL/bill/S7006/2025",0.974358974358974,38,1,"Y",1,1,1,1,1
1528798,1977874,"2025-2025_Regular_Session","2025-03-27","House Civil Justice & Claims Subcommittee",14,0,0,4,18,1,"H","Relief/Estate of M.N./Broward County Sheriff's Office","H6533",2025,"https://legiscan.com/FL/bill/H6533/2025",0.777777777777778,14,1,"N",1,1,1,1,1
1528841,1922014,"2025-2025_Regular_Session","2025-03-27","Senate: Third Reading RCS#10",37,0,1,1,39,1,"S","Transportation Facility Designations/Harris Rosen Way and Geraldine Thompson Way","S0274",2025,"https://legiscan.com/FL/bill/S0274/2025",0.948717948717949,37,1,"Y",1,1,1,1,1
1528848,1975251,"2025-2025_Regular_Session","2025-03-27","House Ways & Means Committee",18,0,0,1,19,1,"H","Deferred and Unpaid Taxes","H0761",2025,"https://legiscan.com/FL/bill/H0761/2025",0.947368421052632,18,1,"N",1,1,1,1,1
1528856,1985703,"2025-2025_Regular_Session","2025-03-27","House Ways & Means Committee",14,4,0,1,19,1,"H","Property Tax Exemption and Assessment Limitation on Long-term Leased Property","H1259",2025,"https://legiscan.com/FL/bill/H1259/2025",0.736842105263158,18,0.777777777777778,"N",1,0,1,1,1
1528886,1989225,"2025-2025_Regular_Session","2025-03-27","House Health Professions & Programs Subcommittee",17,0,0,1,18,1,"H","Parkinson's Disease","H1545",2025,"https://legiscan.com/FL/bill/H1545/2025",0.944444444444444,17,1,"N",1,1,1,1,1
1528895,1982573,"2025-2025_Regular_Session","2025-03-27","House Civil Justice & Claims Subcommittee",13,0,0,5,18,1,"H","Real Property and Condominium Flood Disclosures","H1015",2025,"https://legiscan.com/FL/bill/H1015/2025",0.722222222222222,13,1,"N",1,1,1,1,1
1528898,1975511,"2025-2025_Regular_Session","2025-03-27","Senate Fiscal Policy",18,0,0,1,19,1,"S","Administrative Efficiency in Public Schools","S0166",2025,"https://legiscan.com/FL/bill/S0166/2025",0.947368421052632,18,1,"N",1,1,1,1,1
1528909,1977024,"2025-2025_Regular_Session","2025-03-27","House Health Professions & Programs Subcommittee",16,1,0,1,18,1,"H","Acupuncture","H0803",2025,"https://legiscan.com/FL/bill/H0803/2025",0.888888888888889,17,0.941176470588235,"N",0.916666666666667,1,1,0.916666666666667,0.941176470588235
1528924,1982323,"2025-2025_Regular_Session","2025-03-27","House Ways & Means Committee",18,0,0,1,19,1,"H","Osceola County","H4043",2025,"https://legiscan.com/FL/bill/H4043/2025",0.947368421052632,18,1,"N",1,1,1,1,1
1528930,1958640,"2025-2025_Regular_Session","2025-03-27","House Budget Committee",22,4,0,4,30,1,"H","Administrative Procedures","H0433",2025,"https://legiscan.com/FL/bill/H0433/2025",0.733333333333333,26,0.846153846153846,"N",1,0.333333333333333,0.666666666666667,1,0.923076923076923
1528939,1922852,"2025-2025_Regular_Session","2025-03-27","House Civil Justice & Claims Subcommittee",13,0,0,5,18,1,"H","Relief/Patricia Ermini/Lee County Sheriff's Office","H6509",2025,"https://legiscan.com/FL/bill/H6509/2025",0.722222222222222,13,1,"N",1,1,1,1,1
1528949,1987125,"2025-2025_Regular_Session","2025-03-27","House Ways & Means Committee",18,0,0,1,19,1,"H","Assessment of Property Used for Residential Purposes","H1339",2025,"https://legiscan.com/FL/bill/H1339/2025",0.947368421052632,18,1,"N",1,1,1,1,1
1528965,1942869,"2025-2025_Regular_Session","2025-03-27","House Civil Justice & Claims Subcommittee",15,0,0,3,18,1,"H","Relief/Jose Correa/Miami Dade County","H6517",2025,"https://legiscan.com/FL/bill/H6517/2025",0.833333333333333,15,1,"N",1,1,1,1,1
1528968,1988840,"2025-2025_Regular_Session","2025-03-27","Senate Fiscal Policy",18,0,0,1,19,1,"S","Food and Hemp Products","S0438",2025,"https://legiscan.com/FL/bill/S0438/2025",0.947368421052632,18,1,"N",1,1,1,1,1
1528993,1977909,"2025-2025_Regular_Session","2025-03-27","House Civil Justice & Claims Subcommittee",13,0,0,5,18,1,"H","Indemnification and Insurance Obligations of Commuter Rail Transportation Providers","H0867",2025,"https://legiscan.com/FL/bill/H0867/2025",0.722222222222222,13,1,"N",1,1,1,1,1
1529002,1974923,"2025-2025_Regular_Session","2025-03-27","House Ways & Means Committee",18,0,0,1,19,1,"H","Brownfields","H0733",2025,"https://legiscan.com/FL/bill/H0733/2025",0.947368421052632,18,1,"N",1,1,1,1,1
1529008,1953383,"2025-2025_Regular_Session","2025-03-27","Senate Fiscal Policy",18,0,0,1,19,1,"S","Education in Correctional Facilities for Licensed Professions","S0472",2025,"https://legiscan.com/FL/bill/S0472/2025",0.947368421052632,18,1,"N",1,1,1,1,1
1529021,1967112,"2025-2025_Regular_Session","2025-03-27","House Civil Justice & Claims Subcommittee",14,0,0,4,18,1,"H","Relief/Jacob Rodgers/City of Gainesville","H6521",2025,"https://legiscan.com/FL/bill/H6521/2025",0.777777777777778,14,1,"N",1,1,1,1,1
1529026,1975159,"2025-2025_Regular_Session","2025-03-27","House Budget Committee",24,0,0,6,30,1,"H","Benefits for Firefighters Injured During Training Exercises","H0749",2025,"https://legiscan.com/FL/bill/H0749/2025",0.8,24,1,"N",1,1,1,1,1
1529053,1986709,"2025-2025_Regular_Session","2025-03-27","House Budget Committee",25,0,0,5,30,1,"H","Reading Interventions and Instruction","H1309",2025,"https://legiscan.com/FL/bill/H1309/2025",0.833333333333333,25,1,"N",1,1,1,1,1
1529074,2008946,"2025-2025_Regular_Session","2025-03-27","Senate Fiscal Policy",18,0,0,1,19,1,"S","State Planning and Budgeting","S7024",2025,"https://legiscan.com/FL/bill/S7024/2025",0.947368421052632,18,1,"N",1,1,1,1,1
1529078,1985288,"2025-2025_Regular_Session","2025-03-27","House Civil Justice & Claims Subcommittee",13,2,0,3,18,1,"H","Motor Vehicle Insurance","H1181",2025,"https://legiscan.com/FL/bill/H1181/2025",0.722222222222222,15,0.866666666666667,"N",0.833333333333333,1,1,0.833333333333333,0.866666666666667
1529100,1981744,"2025-2025_Regular_Session","2025-03-27","House Ways & Means Committee",18,0,0,1,19,1,"H","Areas of Critical State Concern","H0995",2025,"https://legiscan.com/FL/bill/H0995/2025",0.947368421052632,18,1,"N",1,1,1,1,1
1529115,1983438,"2025-2025_Regular_Session","2025-03-27","House Budget Committee",26,0,0,4,30,1,"H","Insurance Research","H1097",2025,"https://legiscan.com/FL/bill/H1097/2025",0.866666666666667,26,1,"N",1,1,1,1,1
1529127,1984447,"2025-2025_Regular_Session","2025-03-27","House Health Care Facilities & Systems Subcommittee",15,0,0,3,18,1,"H","Medicaid Enrollment for Permanently Disabled Individuals","H1227",2025,"https://legiscan.com/FL/bill/H1227/2025",0.833333333333333,15,1,"N",1,1,1,1,1
1529129,1977941,"2025-2025_Regular_Session","2025-03-27","House Education Administration Subcommittee",17,0,0,1,18,1,"H","School Readiness Program","H0859",2025,"https://legiscan.com/FL/bill/H0859/2025",0.944444444444444,17,1,"N",1,1,1,1,1
1529139,1983813,"2025-2025_Regular_Session","2025-03-27","House Budget Committee",26,0,0,4,30,1,"H","Services for Individuals with Developmental Disabilities","H1103",2025,"https://legiscan.com/FL/bill/H1103/2025",0.866666666666667,26,1,"N",1,1,1,1,1
1529152,1989095,"2025-2025_Regular_Session","2025-03-27","House Civil Justice & Claims Subcommittee",14,0,0,4,18,1,"H","Vexatious Litigants","H1559",2025,"https://legiscan.com/FL/bill/H1559/2025",0.777777777777778,14,1,"N",1,1,1,1,1
1529154,1920421,"2025-2025_Regular_Session","2025-03-27","House Education Administration Subcommittee",17,0,0,1,18,1,"H","Florida Institute for Human and Machine Cognition, Inc.","H0179",2025,"https://legiscan.com/FL/bill/H0179/2025",0.944444444444444,17,1,"N",1,1,1,1,1
1529163,1943614,"2025-2025_Regular_Session","2025-03-27","House Insurance & Banking Subcommittee",16,0,0,2,18,1,"H","Postjudgment Execution Proceedings Relating to Terrorism","H0265",2025,"https://legiscan.com/FL/bill/H0265/2025",0.888888888888889,16,1,"N",1,1,1,1,1
1529166,1987003,"2025-2025_Regular_Session","2025-03-27","House Ways & Means Committee",18,0,0,1,19,1,"H","Sunbridge Stewardship District, Osceola County","H4059",2025,"https://legiscan.com/FL/bill/H4059/2025",0.947368421052632,18,1,"N",1,1,1,1,1
1529167,1984595,"2025-2025_Regular_Session","2025-03-26","Senate Appropriations Committee on Pre-K - 12 Education",9,0,0,1,10,1,"S","Students Enrolled in Dropout Retrieval Programs","S1402",2025,"https://legiscan.com/FL/bill/S1402/2025",0.9,9,1,"N",1,1,1,1,1
1529169,1985601,"2025-2025_Regular_Session","2025-03-27","House Education Administration Subcommittee",13,4,0,1,18,1,"H","Education","H1267",2025,"https://legiscan.com/FL/bill/H1267/2025",0.722222222222222,17,0.764705882352941,"N",1,0.2,0.8,1,0.941176470588235
1529193,1971020,"2025-2025_Regular_Session","2025-03-27","Senate Fiscal Policy",18,0,0,1,19,1,"S","Vessel Accountability","S0164",2025,"https://legiscan.com/FL/bill/S0164/2025",0.947368421052632,18,1,"N",1,1,1,1,1
1529205,1988664,"2025-2025_Regular_Session","2025-03-27","House Health Care Facilities & Systems Subcommittee",15,0,0,3,18,1,"H","Continuous Glucose Monitors","H1465",2025,"https://legiscan.com/FL/bill/H1465/2025",0.833333333333333,15,1,"N",1,1,1,1,1
1529228,1980685,"2025-2025_Regular_Session","2025-03-27","House Health Care Facilities & Systems Subcommittee",16,0,0,2,18,1,"H","Florida Health Choices Program","H0905",2025,"https://legiscan.com/FL/bill/H0905/2025",0.888888888888889,16,1,"N",1,1,1,1,1
1529250,1984764,"2025-2025_Regular_Session","2025-03-27","House Education Administration Subcommittee",17,0,0,1,18,1,"H","K-12 School Route Optimization Pilot Program","H1213",2025,"https://legiscan.com/FL/bill/H1213/2025",0.944444444444444,17,1,"N",1,1,1,1,1
1529253,1979043,"2025-2025_Regular_Session","2025-03-27","House Education Administration Subcommittee",16,0,0,2,18,1,"H","Virtual Instruction","H0871",2025,"https://legiscan.com/FL/bill/H0871/2025",0.888888888888889,16,1,"N",1,1,1,1,1
1529261,1984566,"2025-2025_Regular_Session","2025-03-27","House Health Care Facilities & Systems Subcommittee",16,0,0,2,18,1,"H","Fentanyl Testing","H1195",2025,"https://legiscan.com/FL/bill/H1195/2025",0.888888888888889,16,1,"N",1,1,1,1,1
1529267,1919535,"2025-2025_Regular_Session","2025-03-27","House Education Administration Subcommittee",17,0,0,1,18,1,"H","Youth Conflict Resolution and Peer Mediation Pilot Program","H0171",2025,"https://legiscan.com/FL/bill/H0171/2025",0.944444444444444,17,1,"N",1,1,1,1,1
1529282,1965244,"2025-2025_Regular_Session","2025-03-27","House Health Care Facilities & Systems Subcommittee",16,0,0,2,18,1,"H","Medical Debt","H0547",2025,"https://legiscan.com/FL/bill/H0547/2025",0.888888888888889,16,1,"N",1,1,1,1,1
1529291,1957611,"2025-2025_Regular_Session","2025-03-27","House Health Care Facilities & Systems Subcommittee",16,0,0,2,18,1,"H","Coverage for Out-of-network Ground Ambulance Emergency Services","H0425",2025,"https://legiscan.com/FL/bill/H0425/2025",0.888888888888889,16,1,"N",1,1,1,1,1
1529292,1959086,"2025-2025_Regular_Session","2025-03-27","House Education Administration Subcommittee",13,4,0,1,18,1,"H","Charter Schools","H0443",2025,"https://legiscan.com/FL/bill/H0443/2025",0.722222222222222,17,0.764705882352941,"N",1,0.2,0.8,1,0.941176470588235
1529341,1985751,"2025-2025_Regular_Session","2025-03-27","House Ways & Means Committee",14,4,0,1,19,1,"H","Property Tax Benefits for Certain Residential Properties Subject to a Long-term Lease","H1257",2025,"https://legiscan.com/FL/bill/H1257/2025",0.736842105263158,18,0.777777777777778,"N",1,0,1,1,1
1529352,1968310,"2025-2025_Regular_Session","2025-03-27","House Ways & Means Committee",18,0,0,1,19,1,"H","Tax Exemption on Sales of Bullion","H6021",2025,"https://legiscan.com/FL/bill/H6021/2025",0.947368421052632,18,1,"N",1,1,1,1,1
1529360,1982982,"2025-2025_Regular_Session","2025-03-27","House Education Administration Subcommittee",17,0,0,1,18,1,"H","Council on Social Status of Black Men and Boys","H1051",2025,"https://legiscan.com/FL/bill/H1051/2025",0.944444444444444,17,1,"N",1,1,1,1,1
1529398,2012623,"2025-2025_Regular_Session","2025-03-26","Senate Appropriations Committee on Pre-K - 12 Education",8,1,0,1,10,1,"S","Educational Scholarship Programs","S7030",2025,"https://legiscan.com/FL/bill/S7030/2025",0.8,9,0.888888888888889,"N",1,0.666666666666667,0.666666666666667,1,0.888888888888889
1529451,1983749,"2025-2025_Regular_Session","2025-03-27","House Education Administration Subcommittee",13,3,0,2,18,1,"H","Education","H1115",2025,"https://legiscan.com/FL/bill/H1115/2025",0.722222222222222,16,0.8125,"N",1,0.4,0.6,1,0.875
1529459,1987388,"2025-2025_Regular_Session","2025-03-27","House Health Care Facilities & Systems Subcommittee",16,0,0,2,18,1,"H","Biomarker Testing","H1335",2025,"https://legiscan.com/FL/bill/H1335/2025",0.888888888888889,16,1,"N",1,1,1,1,1
1529476,1967286,"2025-2025_Regular_Session","2025-03-27","House Education Administration Subcommittee",13,4,0,1,18,1,"H","Construction and Facilities","H0569",2025,"https://legiscan.com/FL/bill/H0569/2025",0.722222222222222,17,0.764705882352941,"N",1,0.2,0.8,1,0.941176470588235
1529481,1979568,"2025-2025_Regular_Session","2025-03-27","House Education Administration Subcommittee",17,0,0,1,18,1,"H","Florida Virtual School","H0885",2025,"https://legiscan.com/FL/bill/H0885/2025",0.944444444444444,17,1,"N",1,1,1,1,1
1529488,1988887,"2025-2025_Regular_Session","2025-03-27","House Civil Justice & Claims Subcommittee",13,0,0,5,18,1,"H","Contracts for Postadoption Contact","H1537",2025,"https://legiscan.com/FL/bill/H1537/2025",0.722222222222222,13,1,"N",1,1,1,1,1
1529512,1971398,"2025-2025_Regular_Session","2025-03-27","House Insurance & Banking Subcommittee",17,1,0,0,18,1,"H","Residual Market Insurers","H0643",2025,"https://legiscan.com/FL/bill/H0643/2025",0.944444444444444,18,0.944444444444444,"N",1,0.8,0.8,1,0.944444444444444
1529559,1989113,"2025-2025_Regular_Session","2025-03-27","House Civil Justice & Claims Subcommittee",13,0,0,5,18,1,"H","Pub. Rec./Stricken Matters","H1569",2025,"https://legiscan.com/FL/bill/H1569/2025",0.722222222222222,13,1,"N",1,1,1,1,1
1529571,1967143,"2025-2025_Regular_Session","2025-03-27","House Education Administration Subcommittee",17,0,0,1,18,1,"H","International Baccalaureate Bonus Funding","H0581",2025,"https://legiscan.com/FL/bill/H0581/2025",0.944444444444444,17,1,"N",1,1,1,1,1
1529573,1948551,"2025-2025_Regular_Session","2025-03-27","House Budget Committee",24,0,0,6,30,1,"H","Toll Exemptions for Purple Heart Medal Recipients","H0313",2025,"https://legiscan.com/FL/bill/H0313/2025",0.8,24,1,"N",1,1,1,1,1
1529579,1984439,"2025-2025_Regular_Session","2025-03-27","House Insurance & Banking Subcommittee",16,0,0,2,18,1,"H","Florida Trust Code","H1173",2025,"https://legiscan.com/FL/bill/H1173/2025",0.888888888888889,16,1,"N",1,1,1,1,1
1529617,1989126,"2025-2025_Regular_Session","2025-03-27","House Education Administration Subcommittee",17,0,0,1,18,1,"H","Cardiac Emergencies","H1607",2025,"https://legiscan.com/FL/bill/H1607/2025",0.944444444444444,17,1,"N",1,1,1,1,1
1529734,1956827,"2025-2025_Regular_Session","2025-03-26","Senate Appropriations Committee on Pre-K - 12 Education",9,0,0,1,10,1,"S","Family Empowerment Scholarship Program","S0508",2025,"https://legiscan.com/FL/bill/S0508/2025",0.9,9,1,"N",1,1,1,1,1
1529807,1987815,"2025-2025_Regular_Session","2025-03-26","Senate Appropriations Committee on Health and Human Services",10,0,0,0,10,1,"S","Child Welfare","S1626",2025,"https://legiscan.com/FL/bill/S1626/2025",1,10,1,"N",1,1,1,1,1
1529826,1982521,"2025-2025_Regular_Session","2025-03-26","Senate Appropriations Committee on Health and Human Services",10,0,0,0,10,1,"S","Quality of Care in Nursing Homes","S0170",2025,"https://legiscan.com/FL/bill/S0170/2025",1,10,1,"N",1,1,1,1,1
1529876,1979142,"2025-2025_Regular_Session","2025-03-26","Senate Appropriations Committee on Health and Human Services",10,0,0,0,10,1,"S","Type 1 Diabetes Early Detection Program","S0958",2025,"https://legiscan.com/FL/bill/S0958/2025",1,10,1,"N",1,1,1,1,1
1530729,1961673,"2025-2025_Regular_Session","2025-03-05","House Civil Justice & Claims Subcommittee",18,0,0,0,18,1,"H","Recovery of Damages for Medical Negligence Resulting in Death","H6017",2025,"https://legiscan.com/FL/bill/H6017/2025",1,18,1,"N",1,1,1,1,1
1530730,1961673,"2025-2025_Regular_Session","2025-03-20","House Judiciary Committee",20,1,0,2,23,1,"H","Recovery of Damages for Medical Negligence Resulting in Death","H6017",2025,"https://legiscan.com/FL/bill/H6017/2025",0.869565217391304,21,0.952380952380952,"N",0.933333333333333,1,1,0.933333333333333,0.952380952380952
